t,x_1,x_2,x_3,y
0,6.29561810163095,2.59396437490936,4.7968439998465,60.3237485141075
0.0300272975432211,6.27672721084889,2.50926248025625,4.72315553247868,59.5427173983026
0.0600545950864422,6.257866052909,2.42935914787533,4.65317939458923,58.7993080271941
0.0900818926296633,6.23903458101403,2.35385783547533,4.58660987860052,58.0904267731128
0.120109190172884,6.22023274844038,2.28240452195299,4.52317405572932,57.4133117062729
0.150136487716106,6.20146050853796,2.2146821567633,4.46262749711358,56.7654892956629
0.180163785259327,6.18271781473016,2.15040595664881,4.40475064815199,56.1447377199773
0.210191082802548,6.16400462051362,2.08931940255503,4.34934574260337,55.5490556405297
0.240218380345769,6.14532087945823,2.0311908180652,4.29623416496814,54.976635510456
0.27024567788899,6.12666654520691,1.97581043312862,4.24525418697324,54.4258406695751
0.300272975432211,6.10804157147556,1.92298785463418,4.19625901768609,53.895185612949
0.330300272975432,6.08944591205293,1.87254987954646,4.14911511770346,53.3833189316908
0.360327570518653,6.07087952080051,1.82433859767332,4.10370073661164,52.889008513116
0.390354868061874,6.05234235165239,1.77820974027899,4.05990463996411,52.4111286586763
0.420382165605096,6.03383435861518,1.73403123816207,4.01762499773177,51.948648835876
0.450409463148317,6.01535549576787,1.69168195884296,3.97676841082503,51.5006238273795
0.480436760691538,5.99690571726173,1.65105059743107,3.93724905608479,51.0661850789357
0.510464058234759,5.9784849773202,1.61203469978617,3.8989879332563,50.6445330792973
0.54049135577798,5.96009323023876,1.57453979992305,3.86191220003109,50.2349306313246
0.570518653321201,5.94173043038483,1.53847865636988,3.82595458337033,49.8366968950021
0.600545950864422,5.92339653219764,1.50377057448499,3.79105285709191,49.4492021009968
0.630573248407643,5.90509149018814,1.47034080365167,3.75714937717945,49.0718628483209
0.660600545950864,5.88681525893889,1.43811999987314,3.72419066750718,48.7041379121657
0.690627843494086,5.8685677931039,1.40704374563679,3.69212704971248,48.3455244984788
0.720655141037307,5.85034904740859,1.37705212005174,3.66091231182318,47.9955548907114
0.750682438580528,5.8321589766496,1.34808931322377,3.6305034109866,47.6537934416505
0.780709736123749,5.81399753569474,1.320103279646,3.60086020627512,47.3198338696036
0.81073703366697,5.79586467948285,1.29304542607633,3.57194521807683,46.9932968236058
0.840764331210191,5.77776036302371,1.26687032996371,3.54372341103575,46.6738276869309
0.870791628753412,5.75968454139787,1.24153548499089,3.51616199789561,46.3610945921326
0.900818926296633,5.74163716975662,1.21700107073526,3.48923026193583,46.0547866242233
0.930846223839854,5.72361820332181,1.19322974382217,3.46289939597554,45.7546121915119
0.960873521383075,5.70562759738579,1.17018644826697,3.43714235616992,45.4602975461272
0.990900818926297,5.68766530731127,1.1478382429799,3.41193372903698,45.1715854384255
1.02092811646952,5.66973128853121,1.12615414464867,3.38724961033877,44.8882338913547
1.05095541401274,5.6518254965487,1.10510498442297,3.36306749460215,44.6100150824847
1.08098271155596,5.63394788693691,1.08466327700659,3.33936617420438,44.3367143228262
1.11101000909918,5.61609841533889,1.06480310092188,3.31612564707131,44.0681291228021
1.1410373066424,5.59827703746752,1.04549998884974,3.29332703214252,43.8040683368164
1.17106460418562,5.58048370910539,1.02673082706963,3.27095249185149,43.5443513788084
1.20109190172884,5.56271838610469,1.00847376313055,3.24898516095095,43.2888075020173
1.23111919927207,5.54498102438707,0.990708120977772,3.22740908108563,43.0372751369045
1.26114649681529,5.52727157994358,0.973414322841925,3.20620914057803,42.7896012818297
1.29117379435851,5.50959000883453,0.956573817270401,3.18537101894918,42.5456409416402
1.32120109190173,5.49193626718938,0.940169012744631,3.16488113574543,42.3052566098349
1.35122838944495,5.47431031120665,0.924183216383994,3.14472660328641,42.0683177904079
1.38125568698817,5.45671209715381,0.908600577287324,3.1248951829881,41.8347005558687
1.41128298453139,5.43914158136712,0.893406034107778,3.10537524494919,41.6042871382854
1.44131028207461,5.42159872025161,0.87858526649657,3.08615573051998,41.3769655505092
1.47133757961783,5.4040834702809,0.864124650086518,3.06722611760005,41.1526292350106
1.50136487716106,5.38659578799713,0.850011214717958,3.04857638843531,40.9311767380099
1.53139217470428,5.36913563001082,0.836232605637798,3.0301969997071,40.7125114067992
1.5614194722475,5.35170295300081,0.822777047427723,3.01207885472509,40.496541108355
1.59144676979072,5.3342977137141,0.809633310440212,2.99421327755338,40.2831779675125
1.62147406733394,5.31691986896577,0.796790679541274,2.97659198891487,40.0723381231352
1.65150136487716,5.29956937563888,0.784238924977041,2.95920708373279,39.8639415008511
1.68152866242038,5.28224619068436,0.771968275197754,2.94205101018123,39.6579116010591
1.7115559599636,5.26495027112087,0.759969391487405,2.92511655012754,39.4541753010197
1.74158325750682,5.24768157403475,0.748233344260589,2.90839680086001,39.2526626699526
1.77161055505005,5.23044005657984,0.736751590900144,2.89188515800326,39.053306796152
1.80163785259327,5.21322567597747,0.725515955019982,2.87557529953235,38.8560436252213
1.83166515013649,5.19603838951626,0.714518607047304,2.85946117080389,38.660811808598
1.86169244767971,5.17887815455208,0.703752046027312,2.84353697052964,38.4675525616169
1.89171974522293,5.16174492850789,0.693209082561542,2.82779713762393,38.2762095304149
1.92174704276615,5.14463866887369,0.682882822798277,2.81223633886213,38.0867286670439
1.95177434030937,5.12755933320638,0.672766653400108,2.79684945729241,37.8990581122053
1.98180163785259,5.11050687912965,0.662854227419786,2.78163158134762,37.7131480850708
2.01182893539581,5.09348126433391,0.653139451020943,2.76657799460855,37.528950779693
2.04185623293904,5.07648244657614,0.643616470985345,2.75168416617344,37.3464202675516
2.07188353048226,5.05951038367981,0.634279662952812,2.73694574159232,37.1655124058158
2.10191082802548,5.0425650335348,0.6251236203442,2.72235853432789,36.9861847509342
2.1319381255687,5.02564635409723,0.616143143921576,2.70791851770765,36.8083964771957
2.16196542311192,5.00875430338941,0.607333231943238,2.69362181733451,36.6321082999304
2.19199272065514,4.99188883949974,0.598689070874412,2.67946470392584,36.4572824030454
2.22202001819836,4.97504992058255,0.590206026617374,2.66544358655285,36.2838823706127
2.25204731574158,4.95823750485805,0.581879636227422,2.65155500625457,36.1118731222464
2.2820746132848,4.9414515506122,0.573705600083586,2.63779563000236,35.9412208520281
2.31210191082803,4.92469201619664,0.565679774485214,2.62416224499271,35.7718929707539
2.34212920837125,4.90795886002854,0.557798164647662,2.61065175324771,35.6038580512946
2.37215650591447,4.8912520405905,0.550056918072194,2.59726116650398,35.4370857768754
2.40218380345769,4.87457151643051,0.542452318266979,2.58398760137226,35.2715468920944
2.43221110100091,4.85791724616177,0.534980778797699,2.57082827475112,35.1072131565122
2.46223839854413,4.84128918846263,0.527638837647728,2.55778049947924,34.9440573006559
2.49226569608735,4.82468730207647,0.520423151869279,2.54484168021208,34.782052984294
2.52229299363057,4.80811154581162,0.513330492508132,2.53200930950938,34.6211747568444
2.55232029117379,4.79156187854122,0.506357739785774,2.51928096412113,34.4613980197908
2.58234758871702,4.77503825920317,0.499501878523838,2.50665430146031,34.3026989909896
2.61237488626024,4.75854064679997,0.492759993796734,2.49412705625156,34.1450546707558
2.64240218380346,4.74206900039866,0.48612926679933,2.48169703734555,33.9884428096278
2.67242948134668,4.72562327913071,0.479606970917345,2.46936212468976,33.8328418777125
2.7024567788899,4.70920344219191,0.473190467988963,2.45712026644653,33.6782310355226
2.73248407643312,4.69280944884227,0.466877204746898,2.44496947625028,33.5245901062211
2.76251137397634,4.67644125840591,0.460664709430825,2.43290783059607,33.3718995491954
2.79253867151956,4.66009883027101,0.454550588560736,2.42093346635219,33.220140434886
2.82256596906278,4.64378212388962,0.448532523862374,2.40904457838997,33.0692944208024
2.85259326660601,4.62749109877764,0.442608269336448,2.3972394173245,32.9193437286596
2.88262056414923,4.61122571451469,0.43677564846384,2.38551628736008,32.7702711225766
2.91264786169245,4.594985930744,0.431032551539509,2.37387354423496,32.6220598882775
2.94267515923567,4.57877170717231,0.42537693312822,2.36230959325997,32.4746938132439
2.97270245677889,4.56258300356979,0.419806809635653,2.35082288744608,32.3281571677675
3.00272975432211,4.54641977976993,0.414320256988849,2.33941192571626,32.1824346868544
3.03275705186533,4.53028199566944,0.408915408420269,2.3280752511972,32.0375115529391
3.06278434940855,4.51416961122814,0.403590452350127,2.31681144958682,31.8933733793641
3.09281164695177,4.49808258646888,0.398343630361939,2.3056191475936,31.7500061945874
3.122838944495,4.48202088147742,0.393173235266539,2.29449701144411,31.6073964270792
3.15286624203822,4.46598445640235,0.388077609250082,2.28344374545533,31.4655308908745
3.18289353958144,4.44997327145498,0.383055142101819,2.27245809066841,31.3243967717483
3.21292083712466,4.43398728690926,0.378104269517656,2.26153882354088,31.1839816139804
3.24294813466788,4.41802646310164,0.373223471475752,2.25068475469437,31.0442733076844
3.2729754322111,4.402090760431,0.368411270680604,2.23989472771518,30.9052600766686
3.30300272975432,4.38618013935858,0.363666231072278,2.22916761800498,30.7669304668072
3.33303002729754,4.37029456040782,0.358986956397625,2.21850233167938,30.6292733348935
3.36305732484076,4.3544339841643,0.354372088840495,2.20789780451195,30.4922778379542
3.39308462238399,4.33859837127564,0.349820307708132,2.19735300092151,30.3559334230015
3.42311191992721,4.32278768245139,0.345330328171064,2.18686691300072,30.2202298172027
3.45313921747043,4.30700187846296,0.340900900053991,2.17643855958394,30.0851570184478
3.48316651501365,4.29124092014348,0.336530806675242,2.16606698535258,29.9507052862955
3.51319381255687,4.27550476838773,0.332218863732581,2.15575125997608,29.8168651332809
3.54322111010009,4.25979338415205,0.327963918233184,2.14549047728708,29.6836273165685
3.57324840764331,4.24410672845423,0.323764847465772,2.13528375448896,29.5509828299327
3.60327570518653,4.2284447623734,0.319620558012978,2.12513023139449,29.4189228960535
3.63330300272975,4.21280744704996,0.31552998480211,2.115029069694,29.2874389591108
3.66333030027298,4.19719474368548,0.311492090192591,2.1049794522519,29.156522677665
3.6933575978162,4.18160661354257,0.307505863098433,2.09498058243013,29.0261659178117
3.72338489535942,4.16604301794484,0.303570318144173,2.0850316834375,28.8963607465958
3.75341219290264,4.15050391827676,0.299684494852811,2.07513199770358,28.7670994256768
3.78343949044586,4.13498927598357,0.295847456864328,2.06528078627626,28.638374405232
3.81346678798908,4.11949905257121,0.292058291183451,2.05547732824184,28.5101783180879
3.8434940855323,4.10403320960618,0.288316107455409,2.04572092016666,28.3825039740694
3.87352138307552,4.08859170871551,0.284620037268452,2.03601087555937,28.2553443545592
3.90354868061874,4.07317451158659,0.280969233482003,2.02634652435301,28.1286926072555
3.93357597816197,4.05778157996713,0.277362869579343,2.01672721240594,28.0025420411225
3.96360327570519,4.04241287566505,0.273800139043792,2.00715230102092,27.8768861215229
3.99363057324841,4.02706836054835,0.270280254757393,1.9976211664815,27.7517184655269
4.02365787079163,4.0117479965451,0.266802448421166,1.9881331996051,27.6270328373894
4.05368516833485,3.99645174564324,0.263365969996028,1.97868780531195,27.5028231441875
4.08371246587807,3.98117956989057,0.259970087163527,1.96928440220938,27.3790834316139
4.11373976342129,3.96593143139462,0.256614084805572,1.95992242219066,27.2558078799173
4.14376706096451,3.95070729232255,0.253297264502388,1.95060131004797,27.1329907999857
4.17379435850773,3.93550711490106,0.250018944047957,1.94132052309884,27.0106266295659
4.20382165605096,3.92033086141633,0.246778456982229,1.93207953082545,26.8887099296138
4.23384895359418,3.90517849421387,0.243575152139439,1.92287781452644,26.7672353807699
4.2638762511374,3.89004997569848,0.240408393211883,1.91371486698058,26.6461977799567
4.29390354868062,3.8749452683341,0.237277558328537,1.90459019212185,26.5255920370901
4.32393084622384,3.85986433464378,0.234182039647943,1.89550330472566,26.4054131719037
4.35395814376706,3.84480713720955,0.231121242964785,1.88645373010542,26.2856563108787
4.38398544131028,3.82977363867232,0.228094587329641,1.87744100381942,26.1663166842775
4.4140127388535,3.8147638017318,0.225101504681373,1.86846467138745,26.0473896232752
4.44404003639672,3.79977758914642,0.222141439491702,1.85952428801666,25.9288705571865
4.47406733393995,3.78481496373323,0.219213848421466,1.85061941833665,25.8107550107837
4.50409463148317,3.76987588836779,0.216318199988134,1.84174963614304,25.6930386017024
4.53412192902639,3.75496032598409,0.213453974244148,1.8329145241495,25.5757170379319
4.56414922656961,3.74006823957446,0.210620662465674,1.82411367374781,25.4587861153864
4.59417652411283,3.72519959218949,0.20781776685138,1.81534668477551,25.3422417155548
4.62420382165605,3.71035434693791,0.205044800230863,1.80661316529122,25.2260798032257
4.65423111919927,3.69553246698654,0.202301285782371,1.7979127313569,25.1102964242845
4.68425841674249,3.68073391556013,0.199586756759459,1.78924500682713,24.9948877035812
4.71428571428571,3.66595865594134,0.196900756226278,1.78060962314501,24.879849842864
4.74431301182894,3.65120665147062,0.194242836801158,1.77200621914445,24.7651791187791
4.77434030937216,3.63647786554612,0.191612560408193,1.76343444085863,24.6508718809321
4.80436760691538,3.62177226162359,0.189009498036539,1.75489394133441,24.5369245500098
4.8343949044586,3.6070898032163,0.186433229507138,1.74638438045244,24.4233336159597
4.86442220200182,3.59243045389494,0.183883343246618,1.73790542475287,24.3100956362262
4.89444949954504,3.57779417728756,0.181359436068098,1.7294567472663,24.1972072340395
4.92447679708826,3.56318093707943,0.178861112958658,1.72103802734989,24.0846650967573
4.95450409463148,3.54859069701301,0.176387986873244,1.71264895052851,23.9724659742569
4.9845313921747,3.53402342088778,0.173939678534772,1.70428920834053,23.860606677375
5.01455868971793,3.51947907256023,0.171515816240224,1.69595849818836,23.7490840763944
5.04458598726115,3.50495761594374,0.169116035672522,1.68765652319334,23.6378950995761
5.07461328480437,3.49045901500847,0.166739979717982,1.67938299205502,23.5270367317348
5.10464058234759,3.4759832337813,0.164387298289154,1.67113761891453,23.4165060128561
5.13466787989081,3.46153023634572,0.162057648152866,1.66292012322199,23.3063000367548
5.16469517743403,3.44709998684175,0.159750692763293,1.65473022960778,23.1964159497721
5.19472247497725,3.43269244946587,0.157466102099881,1.64656766775755,23.0868509495103
5.22474977252047,3.41830758847088,0.155203552509966,1.63843217229089,22.9776022836053
5.25477707006369,3.40394536816588,0.152962726555916,1.63032348264344,22.868667248533
5.28480436760691,3.38960575291611,0.150743312866664,1.62224134295238,22.7600431884508
5.31483166515014,3.37528870714292,0.148545005993478,1.61418550194522,22.6517274940721
5.34485896269336,3.36099419532364,0.146367506269815,1.60615571283174,22.5437176015721
5.37488626023658,3.34672218199154,0.144210519675151,1.59815173319898,22.4360109915253
5.4049135577798,3.33247263173567,0.142073757702627,1.59017332490914,22.3286051878726
5.43494085532302,3.31824550920086,0.139956937230413,1.5822202540004,22.2214977569169
5.46496815286624,3.30404077908754,0.137859780396645,1.57429229059047,22.1146863063472
5.49499545040946,3.28985840615174,0.135782014477844,1.56638920878284,22.0081684842896
5.52502274795268,3.27569835520492,0.133723371770678,1.55851078657557,21.9019419783843
5.55505004549591,3.26156059111397,0.131683589476988,1.55065680577264,21.7960045148883
5.58507734303913,3.24744507880105,0.129662409591945,1.54282705189766,21.6903538578024
5.61510464058235,3.23335178324353,0.127659578795267,1.53502131411003,21.5849878080217
5.64513193812557,3.2192806694739,0.125674848345375,1.52723938512325,21.47990420251
5.67515923566879,3.2052317025797,0.123707973976413,1.51948106112554,21.3751009134952
5.70518653321201,3.19120484770342,0.121758715798025,1.5117461417025,21.2705758476878
5.73521383075523,3.17720007004239,0.119826838197829,1.50403442976195,21.1663269455185
5.76524112829845,3.16321733484875,0.117912109746472,1.49634573146062,21.0623521803981
5.79526842584167,3.1492566074293,0.11601430310521,1.48867985613294,20.9586495579951
5.8252957233849,3.13531785314545,0.114133194935927,1.48103661622161,20.855217115534
5.85532302092812,3.12140103741316,0.112268565813522,1.47341582721001,20.7520529211107
5.88535031847134,3.10750612570279,0.110420200140579,1.46581730755638,20.6491550730266
5.91537761601456,3.09363308353905,0.108587886064269,1.45824087862976,20.5465216991398
5.94540491355778,3.07978187650091,0.106771415395406,1.45068636464753,20.444150956233
5.975432211101,3.06595247022155,0.104970583529587,1.44315359261456,20.3420410293982
6.00545950864422,3.05214483038818,0.103185189370373,1.435642392264,20.2401901314362
6.03548680618744,3.03835892274208,0.101415035254422,1.42815259599949,20.1385965022726
6.06551410373066,3.0245947130784,0.0996599268785415,1.42068403883889,20.0372584083883
6.09554140127389,3.01085216724617,0.097919673228592,1.41323655835947,19.9361741422639
6.12556869881711,2.99713125114812,0.0961940865101833,1.40580999464442,19.8353420218386
6.15559599636033,2.98343193074069,0.0944829820811205,1.39840419023072,19.7347603899832
6.18562329390355,2.96975417203388,0.092786178385541,1.39101899005838,19.6344276139851
6.21565059144677,2.9560979410912,0.0911034968896977,1.38365424142085,19.5343420850472
6.24567788898999,2.94246320402957,0.0894347620193379,1.37630979391675,19.4345022177992
6.27570518653321,2.92884992701923,0.0877798010986335,1.3689854994027,19.3349064498197
6.30573248407643,2.91525807628367,0.0861384442906164,1.36168121194743,19.2355532411719
6.33575978161965,2.90168761809954,0.0845105245390778,1.35439678778691,19.1364410739498
6.36578707916288,2.88813851879659,0.0828958775118876,1.34713208528064,19.0375684518347
6.3958143767061,2.87461074475753,0.0812943415456959,1.33988696486897,18.9389338996643
6.42584167424932,2.86110426241801,0.0797057575919742,1.33266128903149,18.8405359630107
6.45586897179254,2.84761903826649,0.0781299691643626,1.32545492224636,18.7423732077691
6.48589626933576,2.83415503884417,0.0765668222872824,1.31826773095071,18.6444442197567
6.51592356687898,2.82071223074494,0.0750161654457819,1.31109958350191,18.5467476043208
6.5459508644222,2.80729058061523,0.0734778495365783,1.3039503501398,18.4492819859563
6.57597816196542,2.793890055154,0.0719517278202653,1.29681990294982,18.3520460079323
6.60600545950864,2.78051062111261,0.0704376558746519,1.28970811582698,18.2550383319279
6.63603275705186,2.76715224529475,0.0689354915492017,1.28261486444072,18.158257637676
6.66606005459509,2.75381489455635,0.0674450949205443,1.27554002620059,18.0617026226155
6.69608735213831,2.74049853580553,0.0659663282490272,1.26848348022268,17.9653720015526
6.72611464968153,2.72720313600246,0.0644990559362804,1.2614451072969,17.8692645063284
6.75614194722475,2.71392866215935,0.0630431444837685,1.25442478985501,17.7733788854956
6.78616924476797,2.7006750813403,0.0615984624522997,1.24742241193931,17.677713904002
6.81619654231119,2.68744236066126,0.0601648804224696,1.24043785917218,17.5822683428811
6.84622383985441,2.67423046728995,0.0587422709560129,1.2334710187262,17.4870409989508
6.87625113739763,2.66103936844574,0.0573305085580389,1.22652177929502,17.3920306845174
6.90627843494086,2.64786903139962,0.0559294696401278,1.21959003106489,17.297236227088
6.93630573248408,2.63471942347407,0.0545390324842647,1.21267566568679,17.202656469088
6.9663330300273,2.62159051204301,0.053159077207589,1.20577857624924,17.1082902675861
6.99636032757052,2.60848226453173,0.0517894857279389,1.1988986572517,17.0141364940248
7.02638762511374,2.59539464841675,0.0504301417301681,1.19203580457859,16.920194033957
7.05641492265696,2.58232763122582,0.0490809306332164,1.18518991547381,16.8264617867888
7.08644222020018,2.56928118053778,0.0477417395579143,1.17836088851595,16.7329386655279
7.1164695177434,2.55625526398249,0.046412457295501,1.17154862359394,16.6396235965372
7.14649681528662,2.54324984924078,0.0450929742768407,1.16475302188332,16.5465155192944
7.17652411282985,2.53026490404434,0.0437831825423148,1.15797398582297,16.4536133861567
7.20655141037307,2.51730039617563,0.0424829757123768,1.15121141909237,16.3609161621302
7.23657870791629,2.50435629346784,0.0411922489587508,1.1444652265894,16.2684228246453
7.26660600545951,2.49143256380477,0.0399108989762573,1.13773531440853,16.1761323633358
7.29663330300273,2.4785291751208,0.0386388239552515,1.1310215898196,16.0840437798238
7.32666060054595,2.46564609540074,0.0373759235546572,1.12432396124693,15.9921560875088
7.35668789808917,2.45278329267982,0.036122098875583,1.11764233824902,15.9004683113612
7.38671519563239,2.43994073504355,0.034877252435504,1.11097663149853,15.8089794877205
7.41674249317561,2.42711839062771,0.0336412881429973,1.10432675276286,15.7176886640977
7.44676979071884,2.41431622761819,0.0324141112730163,1.09769261488495,15.6265948989819
7.47679708826206,2.40153421425099,0.0311956284426896,1.0910741317647,15.5356972616512
7.50682438580528,2.38877231881208,0.0299857475876331,1.08447121834059,15.444994831987
7.5368516833485,2.37603050963735,0.0287843779387623,1.07788379057179,15.354486700293
7.56687898089172,2.36330875511254,0.0275914299995914,1.07131176542066,15.2641719671175
7.59690627843494,2.35060702367312,0.0264068155240092,1.06475506083554,15.1740497430794
7.62693357597816,2.33792528380428,0.0252304474945179,1.05821359573397,15.0841191486983
7.65696087352138,2.32526350404078,0.024062240100926,1.05168728998622,14.9943793142273
7.6869881710646,2.31262165296691,0.0229021087194821,1.04517606439914,14.90482937949
7.71701546860783,2.29999969921643,0.0217499698924406,1.03867984070043,14.8154684937209
7.74704276615105,2.28739761147242,0.0206057413080481,1.03219854152313,14.726295815408
7.77707006369427,2.2748153584673,0.0194693417809405,1.02573209039052,14.6373105121403
7.80709736123749,2.26225290898267,0.0183406912329412,1.01928041170121,14.5485117604567
7.83712465878071,2.24971023184929,0.0172197106742508,1.0128434307147,14.4598987456995
7.86715195632393,2.23718729594695,0.0161063221850189,1.00642107353704,14.3714706618694
7.89717925386715,2.22468407020445,0.0150004488972893,1.00001326710698,14.2832267114849
7.92720655141037,2.21220052359948,0.0139020149773091,0.9936199391822,14.1951661054434
7.95723384895359,2.19973662515854,0.0128109456081944,0.987241018325984,14.1072880628854
7.98726114649681,2.18729234395691,0.0117271669729423,0.980876433894059,14.019591811062
8.01728844404004,2.17486764911853,0.0106506062377837,0.974526116021733,13.9320765852037
8.04731574158326,2.16246250981593,0.00958119153586663,0.968189995611284,13.8447416283936
8.07734303912648,2.15007689527018,0.00851885195126378,0.961868004319599,13.7575861914415
8.1073703366697,2.13771077475076,0.0074635175032964,0.955560074546052,13.6706095327612
8.13739763421292,2.12536411757555,0.006415119131167,0.949266139420628,13.5838109182506
8.16742493175614,2.11303689311071,0.00537358867889476,0.942986132792271,13.497189621173
8.19745222929936,2.10072907077061,0.00433885888054507,0.93671998921747,13.410744922042
8.22747952684258,2.08844062001777,0.00331086334574853,0.930467643949058,13.3244761085077
8.25750682438581,2.07617151036276,0.00228953654550044,0.924229032925232,13.2383824752455
8.28753412192903,2.06392171136415,0.0012748137982372,0.918004092758788,13.1524633238473
8.31756141947225,2.05169119262842,0.000266631256180917,0.911792760726557,13.0667179627139
8.34758871701547,2.03947992380988,-0.000735074108052395,0.905594974759052,12.9811457069508
8.37761601455869,2.02728787461061,-0.0017303645145873,0.899410673430308,12.8957458782645
8.40764331210191,2.01511501478038,-0.00271930138917214,0.893239795947916,12.810517804862
8.43767060964513,2.00296131411655,-0.00370194537581616,0.887082282143249,12.7254608213519
8.46769790718835,1.99082674246405,-0.00467835634918593,0.880938072461874,12.6405742686467
8.49772520473157,1.97871126971524,-0.00564859342676704,0.874807107954139,12.5558574938676
8.5277525022748,1.9666148658099,-0.00661271498079543,0.868689330265948,12.4713098502513
8.55777979981802,1.95453750073508,-0.00757077864996412,0.862584681629698,12.3869306970579
8.58780709736124,1.9424791445251,-0.00852284135090988,0.856493104855396,12.3027193994809
8.61783439490446,1.93043976726144,-0.00946895928948453,0.850414543321931,12.2186753285586
8.64786169244768,1.91841933907267,-0.0104091879718161,0.844348940968523,12.1347978610878
8.6778889899909,1.90641783013436,-0.0113435822151637,0.838296242286315,12.0510863795382
8.70791628753412,1.89443521066904,-0.0122721961585711,0.832256392310127,11.9675402719692
8.73794358507734,1.88247145094608,-0.0131950832733236,0.826229336610368,11.8841589319473
8.76797088262056,1.87052652128169,-0.0141122963732114,0.820215021285088,11.8009417584663
8.79799818016379,1.85860039203876,-0.0150238876246043,0.814213392952177,11.7178881558676
8.82802547770701,1.84669303362684,-0.0159299085563423,0.808224398741711,11.6349975337631
8.85805277525023,1.83480441650205,-0.016830410069445,0.802247986288434,11.5522693069586
8.88808007279345,1.82293451116702,-0.0177254424466441,0.796284103724378,11.469702895379
8.91810737033667,1.8110832881708,-0.0186150553617428,0.790332699671609,11.3872977239952
8.94813466787989,1.79925071810878,-0.0194992978888055,0.784393723235122,11.3050532227514
8.97816196542311,1.78743677162266,-0.0203782185111823,0.77846712399584,11.2229688264947
9.00818926296633,1.77564141940032,-0.02125186513037,0.772552852003758,11.1410439749053
9.03821656050955,1.76386463217579,-0.0221202850747148,0.766650857771201,11.0592781124283
9.06824385805277,1.75210638072916,-0.0229835251079592,0.7607610922662,10.9776706882062
9.098271155596,1.7403666358865,-0.0238416314376359,0.754883506905992,10.8962211560133
9.12829845313922,1.72864536851982,-0.024694649723313,0.749018053550632,10.8149289741909
9.15832575068244,1.71694254954696,-0.0255426250846929,0.743164684496716,10.7337936055837
9.18835304822566,1.70525814993153,-0.0263856021095674,0.737323352471216,10.6528145174769
9.21838034576888,1.69359214068284,-0.0272236248616331,0.731494010625425,10.5719911815351
9.2484076433121,1.68194449285585,-0.0280567368881697,0.725676612529005,10.4913230737422
9.27843494085532,1.67031517755104,-0.0288849812275823,0.719871112164143,10.4108096743414
9.30846223839854,1.65870416591443,-0.0297084004168138,0.714077463919801,10.3304504677776
9.33848953594176,1.64711142913739,-0.0305270364986268,0.708295622586073,10.2502449426398
9.36851683348499,1.63553693845668,-0.0313409310287593,0.702525543348639,10.1701925916048
9.39854413102821,1.62398066515432,-0.0321501250829565,0.696767181783309,10.0902929113821
9.42857142857143,1.61244258055752,-0.0329546592638811,0.691020493850667,10.0105454026593
9.45859872611465,1.60092265603862,-0.0337545737079046,0.6852854358908,9.93094957004898
9.48862602365787,1.58942086301503,-0.0345499080917819,0.679561964618129,9.85150492203577
9.51865332120109,1.57793717294914,-0.0353407016392115,0.673850037116313,9.7722109709251
9.54868061874431,1.56647155734825,-0.0361269931272837,0.668149610833248,9.69306723279224
9.57870791628753,1.55502398776451,-0.036908820892819,0.662460643576153,9.61407322743246
9.60873521383076,1.54359443579484,-0.0376862228385992,0.656783093506733,9.53522847831201
9.63876251137398,1.53218287308089,-0.0384592364394922,0.651116919136423,9.45653251251981
9.6687898089172,1.52078927130891,-0.0392278987484739,0.645462079321722,9.37798486072011
9.69881710646042,1.50941360220972,-0.0399922464025491,0.639818533259589,9.29958505710579
9.72884440400364,1.49805583755866,-0.0407523156285714,0.634186240482934,9.22133263935258
9.75887170154686,1.48671594917545,-0.0415081422489682,0.628565160856165,9.14322714857387
9.78889899909008,1.47539390892421,-0.0422597616873674,0.622955254570826,9.06526812927646
9.8189262966333,1.46408968871332,-0.0430072089741319,0.617356482141296,8.98745512931688
9.84895359417652,1.45280326049536,-0.0437505187518027,0.611768804400565,8.90978769985853
9.87898089171975,1.44153459626708,-0.0444897252804498,0.606192182496073,8.83226539532943
9.90900818926297,1.4302836680693,-0.0452248624429371,0.600626577885627,8.7548877733808
9.93903548680619,1.41905044798684,-0.0459559637500987,0.595071952333377,8.67765439484619
9.96906278434941,1.40783490814845,-0.0466830623458317,0.589528267905855,8.60056482370125
9.99909008189263,1.39663702072675,-0.0474061910121042,0.583995486968092,8.52361862702435
10.0291173794359,1.38545675793819,-0.0481253821738825,0.578473572179783,8.44681537495762
10.0591446769791,1.37429409204289,-0.0488406679039777,0.572962486491522,8.37015464066871
10.0891719745223,1.36314899534468,-0.0495520799278132,0.567462193141097,8.29363600031319
10.1191992720655,1.35202144019096,-0.0502596496281157,0.561972655649841,8.2172590329975
10.1492265696087,1.34091139897266,-0.0509634080495298,0.556493837819046,8.14102332074251
10.179253867152,1.32981884412416,-0.0516633859031583,0.551025703726434,8.0649284484477
10.2092811646952,1.31874374812323,-0.0523596135710298,0.545568217722679,7.98897400385582
10.2393084622384,1.30768608349096,-0.0530521211104947,0.540121344427993,7.91315957751822
10.2693357597816,1.29664582279167,-0.0537409382585503,0.534685048728751,7.83748476276063
10.2993630573248,1.2856229386329,-0.0544260944360976,0.529259295774196,7.76194915564954
10.3293903548681,1.27461740366526,-0.0551076187521303,0.523844050973162,7.68655235495911
10.3594176524113,1.26362919058244,-0.0557855400078572,0.51843927999088,7.61129396213854
10.3894449499545,1.2526582721211,-0.0564598867007592,0.513044948745811,7.53617358128001
10.4194722474977,1.24170462106079,-0.0571306870285831,0.507661023406543,7.46119081908712
10.4494995450409,1.23076821022393,-0.0577979688932713,0.502287470388726,7.38634528484374
10.4795268425842,1.2198490124757,-0.0584617599048309,0.496924256352069,7.31163659038348
10.5095541401274,1.20894700072399,-0.059122087385142,0.491571348197361,7.23706435005948
10.5395814376706,1.19806214791934,-0.059778978371706,0.486228713063565,7.16262818071481
10.5696087352138,1.18719442705486,-0.0604324596213362,0.480896318324933,7.08832770165318
10.5996360327571,1.17634381116615,-0.0610825576137908,0.47557413158818,7.01416253461023
10.6296633303003,1.16551027333127,-0.0617292985553493,0.470262120689701,6.94013230372521
10.6596906278435,1.15469378667065,-0.0623727083823344,0.464960253692817,6.86623663551301
10.6897179253867,1.14389432434702,-0.0630128127645791,0.459668498885079,6.79247515883677
10.7197452229299,1.13311185956536,-0.0636496371088402,0.454386824775609,6.7188475048808
10.7497725204732,1.1223463655728,-0.0642832065621604,0.449115200092474,6.6453533071239
10.7797998180164,1.11159781565862,-0.0649135460151777,0.443853593780105,6.57199220131317
10.8098271155596,1.10086618315409,-0.065540680105386,0.43860197499676,6.49876382543812
10.8398544131028,1.09015144143249,-0.0661646332203443,0.433360313112011,6.42566781970522
10.869881710646,1.07945356390899,-0.0667854295008382,0.42812857770429,6.35270382651283
10.8999090081893,1.06877252404062,-0.0674030928439936,0.422906738558447,6.27987149042647
10.9299363057325,1.05810829532617,-0.068017646906343,0.417694765663365,6.20717045815451
10.9599636032757,1.04746085130615,-0.0686291151068455,0.412492629209602,6.13460037852416
10.9899909008189,1.03683016556271,-0.069237520629862,0.407300299587062,6.06216090245788
11.0200181983621,1.02621621171959,-0.0698428864280853,0.402117747382717,5.98985168295007
11.0500454959054,1.01561896344202,-0.0704452352254263,0.396944943378343,5.91767237504415
11.0800727934486,1.00503839443671,-0.071044589519858,0.391781858548307,5.84562263580997
11.1101000909918,0.994474478451734,-0.071640971586216,0.386628464057374,5.77370212432154
11.140127388535,0.98392718927649,-0.0722344034789585,0.381484731258551,5.70191050163509
11.1701546860783,0.973396500741631,-0.0728249070348844,0.376350631690966,5.63024743076744
11.2001819836215,0.962882386718994,-0.0734125038758125,0.371226137077768,5.5587125766747
11.2302092811647,0.952384821121544,-0.07399721541122,0.366111219324073,5.48730560623128
11.2602365787079,0.941903777903305,-0.0745790628408432,0.36100585051492,5.41602618820917
11.2902638762511,0.931439231059292,-0.0751580671572396,0.355910002913275,5.34487399325755
11.3202911737944,0.920991154625452,-0.0757342491483124,0.350823648958053,5.27384869388269
11.3503184713376,0.910559522678597,-0.0763076293997985,0.345746761262171,5.20294996442813
11.3803457688808,0.900144309336343,-0.0768782282977201,0.340679312610635,5.13217748105517
11.410373066424,0.889745488757038,-0.0774460660308009,0.335621275958637,5.06153092172357
11.4404003639672,0.879363035139706,-0.0780111625928473,0.330572624429705,4.99100996617257
11.4704276615105,0.868996922723981,-0.0785735377850947,0.325533331313856,4.92061429590223
11.5004549590537,0.858647125790035,-0.0791332112185207,0.320503370065787,4.85034359415491
11.5304822565969,0.848313618658531,-0.0796902023161246,0.315482714303093,4.78019754589716
11.5605095541401,0.837996375690542,-0.0802445303151743,0.3104713378045,4.71017583780169
11.5905368516833,0.827695371287498,-0.0807962142694211,0.305469214508137,4.64027815822977
11.6205641492266,0.817410579891118,-0.081345273051283,0.300476318509815,4.57050419721378
11.6505914467698,0.807141975983347,-0.0818917253539962,0.295492624061352,4.50085364643997
11.680618744313,0.796889534086296,-0.0824355896937374,0.290518105568899,4.43132619923155
11.7106460418562,0.786653228762175,-0.0829768844117144,0.285552737591306,4.36192155053199
11.7406733393995,0.776433034613232,-0.0835156276762286,0.280596494838501,4.2926393968885
11.7707006369427,0.766228926281685,-0.0840518374847073,0.275649352169896,4.22347943643575
11.8007279344859,0.756040878449669,-0.0845855316657081,0.270711284592816,4.1544413688799
11.8307552320291,0.745868865839165,-0.0851167278808947,0.265782267260946,4.08552489548274
11.8607825295723,0.73571286321194,-0.0856454436269853,0.260862275472801,4.01672971904613
11.8908098271156,0.72557284536948,-0.0861716962376738,0.255951284670215,3.94805554389653
11.9208371246588,0.71544878715294,-0.0866955028855239,0.251049270436862,3.87950207586994
11.950864422202,0.705340663443066,-0.0872168805838371,0.246156208496776,3.81106902229686
11.9808917197452,0.695248449160143,-0.0877358461884949,0.241272074712913,3.74275609198754
12.0109190172884,0.685172119263928,-0.088252416399775,0.236396845085718,3.6745629952174
12.0409463148317,0.67511164875359,-0.088766607764143,0.231530495751716,3.60648944371269
12.0709736123749,0.665067012667649,-0.0892784366760189,0.226673002982128,3.5385351506363
12.1010009099181,0.65503818608391,-0.0897879193795198,0.221824343181494,3.47069983057375
12.1310282074613,0.645025144119405,-0.0902950719701781,0.216984492886323,3.40298319951942
12.1610555050045,0.635027861930332,-0.0907999103966368,0.212153428763762,3.33538497486294
12.1910828025478,0.625046314711986,-0.0913024504623211,0.207331127610275,3.26790487537573
12.221110100091,0.615080477698707,-0.0918027078270876,0.202517566350345,3.20054262119774
12.2511373976342,0.605130326163812,-0.0923006980088511,0.197712722035197,3.13329793382439
12.2811646951774,0.595195835419539,-0.0927964363851886,0.19291657184153,3.0661705360937
12.3111919927207,0.585276980816981,-0.0932899381949229,0.188129093070271,2.99916015217345
12.3412192902639,0.575373737746023,-0.0937812185396836,0.183350263145341,2.93226650754869
12.3712465878071,0.565486081635291,-0.0942702923854478,0.178580059612449,2.86548932900935
12.4012738853503,0.555613987952078,-0.0947571745640596,0.17381846013788,2.79882834463788
12.4313011828935,0.545757432202296,-0.0952418797747297,0.169065442507326,2.73228328379734
12.4613284804368,0.535916389930403,-0.0957244225855143,0.164320984624709,2.66585387711932
12.49135577798,0.526090836719354,-0.0962048174347753,0.159585064511033,2.59953985649224
12.5213830755232,0.516280748190529,-0.0966830786326196,0.154857660303246,2.53334095504973
12.5514103730664,0.506486100003681,-0.0971592203623207,0.150138750253117,2.46725690715915
12.5814376706096,0.496706867856872,-0.0976332566817203,0.14542831272613,2.40128744841025
12.6114649681529,0.486943027486415,-0.098105201524612,0.140726326200392,2.33543231560404
12.6414922656961,0.47719455466681,-0.0985750687021068,0.136032769265547,2.26969124674168
12.6715195632393,0.467461425210687,-0.09904287190398,0.131347620621719,2.2040639810137
12.7015468607825,0.457743614968745,-0.099508624700001,0.126670859078456,2.13855025878913
12.7315741583258,0.448041099829693,-0.099972340541245,0.122002463553692,2.07314982160496
12.761601455869,0.438353855720188,-0.100434032761389,0.117342413072724,2.00786241215561
12.7916287534122,0.428681858604779,-0.100893714577988,0.112690686767198,1.94268777428264
12.8216560509554,0.419025084485841,-0.101351399093737,0.108047263874111,1.87762565296445
12.8516833484986,0.409383509403522,-0.10180709929772,0.103412123734827,1.81267579430627
12.8817106460419,0.399757109435682,-0.10226082806663,0.0987852457940995,1.74783794553013
12.9117379435851,0.390145860697831,-0.10271259816599,0.0941666095991133,1.68311185496506
12.9417652411283,0.380549739343073,-0.103162422251346,0.0895561947985346,1.61849727203739
12.9717925386715,0.370968721562041,-0.103610312869453,0.0849539811415711,1.55399394726106
13.0018198362147,0.361402783582848,-0.104056282459433,0.0803599484770503,1.48960163222829
13.031847133758,0.351851901671019,-0.104500343353938,0.0757740767525036,1.42532007960008
13.0618744313012,0.342316052129435,-0.104942507780276,0.0711963460132639,1.36114904309708
13.0919017288444,0.332795211298275,-0.105382787861542,0.0666267364015737,1.29708827749036
13.1219290263876,0.323289355554957,-0.10582119561772,0.0620652281557065,1.23313753859248
13.1519563239308,0.313798461314079,-0.10625774296678,0.0575118016090963,1.16929658324854
13.1819836214741,0.304322505027361,-0.106692441725757,0.0529664371894797,1.10556516932737
13.2120109190173,0.294861463183586,-0.107125303611816,0.048429115418048,1.0419430557129
13.2420382165605,0.285415312308542,-0.107556340243309,0.0438998169086079,0.978430002295481
13.2720655141037,0.275984028964962,-0.107985563140809,0.0393785223667572,0.915025769963511
13.302092811647,0.266567589752472,-0.10841298372814,0.0348652125890661,0.851730120594984
13.3321201091902,0.257165971307522,-0.108838613333389,0.0303598684622698,0.788542817049238
13.3621474067334,0.24777915030334,-0.10926246318991,0.0258624709624721,0.725463623158781
13.3921747042766,0.238407103449866,-0.109684544437305,0.0213730011543573,0.662492303721207
13.4222020018198,0.229049807493699,-0.110104868122408,0.0168914401904136,0.599628624491235
13.4522292993631,0.21970723921803,-0.110523445200244,0.0124177693101604,0.536872352172769
13.4822565969063,0.210379375442603,-0.110940286534983,0.00795196983939557,0.474223254411191
13.5122838944495,0.201066193023637,-0.111355402900878,0.00349402318943941,0.411681099785589
13.5423111919927,0.191767668853781,-0.111768804983195,-0.000956089143602956,0.349245657801191
13.5723384895359,0.182483779862052,-0.112180503379128,-0.00539838557957689,0.28691669888181
13.6023657870792,0.17321450301378,-0.112590508598707,-0.00983288445499846,0.224693994362459
13.6323930846224,0.16395981531055,-0.11299883106569,-0.01425960402377,0.162577316482003
13.6624203821656,0.154719693790144,-0.113405481118448,-0.0186785624578882,0.100566438375877
13.6924476797088,0.145494115526485,-0.113810469010837,-0.0230897778481414,0.0386611340689259
13.722474977252,0.13628305762958,-0.11421380491306,-0.0274932682047981,-0.0231388215316622
13.7525022747953,0.127086497245464,-0.114615498912516,-0.0318890514582893,-0.0848336526433706
13.7825295723385,0.117904411556139,-0.115015561014646,-0.036277145459882,-0.146423582615279
13.8125568698817,0.108736777779526,-0.115414001143759,-0.0406575679823448,-0.207908833934902
13.8425841674249,0.0995835731694001,-0.115810829143855,-0.0450303367206048,-0.269289628234939
13.8726114649682,0.0904447750153375,-0.116206054779436,-0.0493954692923993,-0.330566186299982
13.9026387625114,0.0813203606426587,-0.116599687736304,-0.0537529832389169,-0.391738728073104
13.9326660600546,0.0722103074123734,-0.116991737622357,-0.0581028960254326,-0.452807472662388
13.9626933575978,0.0631145927211233,-0.117382213968367,-0.0624452250419355,-0.513772638347392
13.992720655141,0.0540331940011256,-0.117771126228751,-0.0667799876037496,-0.574634442585526
14.0227479526843,0.0449660887201174,-0.118158483782341,-0.0711072009521463,-0.635393102018367
14.0527752502275,0.0359132543812986,-0.11854429593313,-0.0754268822549513,-0.696048832477896
14.0828025477707,0.0268746685232813,-0.118928571911021,-0.0797390486071412,-0.756601848992638
14.1128298453139,0.0178503087200277,-0.119311320872563,-0.0840437170314385,-0.817052365793795
14.1428571428571,0.00884015258079473,-0.119692551901677,-0.088340904478897,-0.877400596321271
14.1728844404004,-0.000155822249915535,-0.120072274010376,-0.0926306278294775,-0.9376467532296
14.2029117379436,-0.0091376380924176,-0.120450496139474,-0.096912903892623,-0.997791048393871
14.2329390354868,-0.0181053172318943,-0.120827227159289,-0.101187749407822,-1.05783369291554
14.26296633303,-0.0270588819184535,-0.121202475870333,-0.10545518104517,-1.11777489712818
14.2929936305732,-0.0359983543671834,-0.121576251004003,-0.10971521540592,-1.17761487060322
14.3230209281165,-0.0449237567582063,-0.121948561223254,-0.11396786902303,-1.23735382215552
14.3530482256597,-0.0538351112367377,-0.122319415123268,-0.118213158361704,-1.29699195984901
14.3830755232029,-0.0627324399131337,-0.12268882123212,-0.122451099819925,-1.35652949100213
14.4131028207461,-0.0716157648629535,-0.123056788011426,-0.126681709728984,-1.41596662219332
14.4431301182894,-0.0804851081270089,-0.123423323856991,-0.130905004354003,-1.47530355926641
14.4731574158326,-0.0893404917114245,-0.123788437099451,-0.135120999894451,-1.53454050733594
14.5031847133758,-0.0981819375876865,-0.1241521360049,-0.139329712484654,-1.59367767079242
14.533212010919,-0.107009467692699,-0.124514428775514,-0.143531158194302,-1.65271525330757
14.5632393084622,-0.115823103928839,-0.12487532355017,-0.147725353028945,-1.71165345783944
14.5932666060055,-0.124622868164014,-0.125234828405055,-0.151912312930491,-1.77049248663754
14.6232939035487,-0.13340878223171,-0.125592951354265,-0.156092053777695,-1.82923254124789
14.6533212010919,-0.142180867931048,-0.125949700350407,-0.160264591386636,-1.88787382251799
14.6833484986351,-0.150939147026843,-0.12630508328518,-0.1644299415112,-1.94641653060175
14.7133757961783,-0.15968364124965,-0.126659107989964,-0.168588119843554,-2.00486086496439
14.7434030937216,-0.168414372295823,-0.127011782236389,-0.172739142014607,-2.06320702438729
14.7734303912648,-0.177131361827566,-0.127363113736909,-0.176883023594478,-2.12145520697272
14.803457688808,-0.185834631472994,-0.127713110145361,-0.181019780092952,-2.17960561014861
14.8334849863512,-0.194524202826173,-0.128061779057522,-0.185149426959931,-2.2376584306732
14.8635122838944,-0.203200097447186,-0.128409128011658,-0.189271979585881,-2.29561386463969
14.8935395814377,-0.211862336862182,-0.128755164489069,-0.193387453302278,-2.35347210748079
14.9235668789809,-0.220510942563429,-0.129099895914622,-0.197495863382042,-2.4112333539733
14.9535941765241,-0.229145936009368,-0.129443329657286,-0.201597225039971,-2.46889779824253
14.9836214740673,-0.237767338624664,-0.129785473030656,-0.20569155343317,-2.52646563376677
15.0136487716106,-0.246375171800265,-0.130126333293473,-0.209778863661478,-2.5839370533817
15.0436760691538,-0.254969456893448,-0.130465917650133,-0.213859170767879,-2.64131224928467
15.073703366697,-0.263550215227878,-0.1308042332512,-0.217932489738926,-2.69859141303905
15.1037306642402,-0.272117468093653,-0.131141287193907,-0.221998835505145,-2.75577473557847
15.1337579617834,-0.280671236747369,-0.131477086522649,-0.226058222941444,-2.81286240721101
15.1637852593267,-0.289211542412161,-0.131811638229475,-0.230110666867516,-2.86985461762339
15.1938125568699,-0.297738406277761,-0.132144949254577,-0.23415618204823,-2.92675155588506
15.2238398544131,-0.306251849500551,-0.132477026486765,-0.238194783194034,-2.98355341045232
15.2538671519563,-0.314751893203616,-0.132807876763945,-0.242226484961336,-3.04026036917231
15.2838944494995,-0.32323855847679,-0.133137506873584,-0.246251301952894,-3.09687261928705
15.3139217470428,-0.331711866376717,-0.13346592355318,-0.250269248718194,-3.15339034743734
15.343949044586,-0.340171837926898,-0.133793133490718,-0.254280339753828,-3.20981373966674
15.3739763421292,-0.348618494117748,-0.134119143325124,-0.258284589503871,-3.2661429814254
15.4040036396724,-0.357051855906638,-0.134443959646711,-0.262282012360242,-3.32237825757389
15.4340309372157,-0.365471944217959,-0.134767588997632,-0.266272622663076,-3.37851975238701
15.4640582347589,-0.373878779943166,-0.135090037872308,-0.270256434701086,-3.43456764955757
15.4940855323021,-0.382272383940836,-0.135411312717872,-0.274233462711916,-3.49052213220005
15.5241128298453,-0.390652777036711,-0.135731419934591,-0.2782037208825,-3.54638338285434
15.5541401273885,-0.399019980023759,-0.136050365876298,-0.28216722334941,-3.60215158348936
15.5841674249318,-0.407374013662219,-0.136368156850807,-0.286123984199202,-3.65782691550664
15.614194722475,-0.415714898679657,-0.13668479912033,-0.290074017468764,-3.71340955974397
15.6442220200182,-0.424042655771012,-0.137000298901893,-0.294017337145652,-3.76889969647883
15.6742493175614,-0.432357305598654,-0.137314662367735,-0.297953957168424,-3.82429750543199
15.7042766151046,-0.440658868792432,-0.137627895645716,-0.301883891426984,-3.87960316577093
15.7343039126479,-0.448947365949723,-0.137940004819715,-0.305807153762897,-3.93481685611325
15.7643312101911,-0.457222817635486,-0.13825099593002,-0.309723757969726,-3.9899387545301
15.7943585077343,-0.465485244382312,-0.138560874973723,-0.313633717793352,-4.04496903854957
15.8243858052775,-0.473734666690479,-0.138869647905101,-0.317537046932292,-4.09990788515995
15.8544131028207,-0.481971105027994,-0.139177320636,-0.321433759038019,-4.15475547081311
15.884440400364,-0.490194579830649,-0.139483899036212,-0.325323867715271,-4.20951197142767
15.9144676979072,-0.498405111502077,-0.139789388933846,-0.329207386522365,-4.26417756239234
15.9444949954504,-0.506602720413791,-0.1400937961157,-0.333084328971504,-4.31875241856905
15.9745222929936,-0.514787426905245,-0.140397126327627,-0.336954708529077,-4.37323671429615
16.0045495905369,-0.522959251283877,-0.140699385274893,-0.340818538615968,-4.42763062339156
16.0345768880801,-0.531118213825167,-0.141000578622537,-0.344675832607845,-4.48193431915584
16.0646041856233,-0.539264334772678,-0.141300711995725,-0.348526603835462,-4.53614797437534
16.0946314831665,-0.547397634338114,-0.1415997909801,-0.352370865584947,-4.59027176132516
16.1246587807097,-0.555518132701367,-0.141897821122129,-0.356208631098094,-4.64430585177228
16.154686078253,-0.563625850010567,-0.142194807929442,-0.360039913572651,-4.69825041697845
16.1847133757962,-0.571720806382131,-0.142490756871179,-0.363864726162597,-4.75210562770321
16.2147406733394,-0.579803021900818,-0.142785673378318,-0.367683081978431,-4.80587165420687
16.2447679708826,-0.587872516619771,-0.143079562844012,-0.371494994087446,-4.85954866625329
16.2747952684258,-0.595929310560573,-0.143372430623915,-0.375300475514005,-4.91313683311289
16.3048225659691,-0.603973423713295,-0.14366428203651,-0.379099539239813,-4.96663632356545
16.3348498635123,-0.612004876036543,-0.143955122363428,-0.382892198204191,-5.02004730590292
16.3648771610555,-0.620023687457513,-0.144244956849768,-0.386678465304339,-5.07336994793226
16.3949044585987,-0.628029877872033,-0.144533790704414,-0.390458353395602,-5.12660441697817
16.4249317561419,-0.636023467144619,-0.144821629100345,-0.394231875291737,-5.1797508798859
16.4549590536852,-0.644004475108521,-0.145108477174942,-0.397999043765165,-5.23280950302391
16.4849863512284,-0.651972921565775,-0.145394340030299,-0.401759871547238,-5.28578045228661
16.5150136487716,-0.659928826287246,-0.145679222733521,-0.405514371328485,-5.33866389309701
16.5450409463148,-0.667872209012685,-0.145963130317024,-0.40926255575887,-5.39145999040938
16.5750682438581,-0.675803089450771,-0.146246067778834,-0.413004437448039,-5.44416890871185
16.6050955414013,-0.683721487279166,-0.146528040082876,-0.416740028965575,-5.49679081202906
16.6351228389445,-0.691627422144559,-0.14680905215927,-0.42046934284123,-5.54932586392469
16.6651501364877,-0.699520913662718,-0.147089108904611,-0.424192391565184,-5.60177422750401
16.6951774340309,-0.707401981418534,-0.147368215182261,-0.427909187588272,-5.65413606541645
16.7252047315742,-0.715270644966076,-0.147646375822626,-0.431619743322232,-5.70641153985805
16.7552320291174,-0.723126923828637,-0.147923595623434,-0.435324071139937,-5.758600812574
16.7852593266606,-0.730970837498777,-0.148199879350014,-0.439022183375631,-5.81070404486105
16.8152866242038,-0.738802405438383,-0.148475231735568,-0.44271409232516,-5.86272139757
16.845313921747,-0.746621647078705,-0.14874965748144,-0.446399810246201,-5.91465303110806
16.8753412192903,-0.754428581820412,-0.149023161257385,-0.450079349358491,-5.96649910544126
16.9053685168335,-0.762223229033638,-0.149295747701831,-0.453752721844055,-6.01825978009688
16.9353958143767,-0.770005608058027,-0.149567421422147,-0.457419939847422,-6.0699352141657
16.9654231119199,-0.77777573820279,-0.149838186994898,-0.461081015475856,-6.12152556630444
16.9954504094631,-0.785533638746738,-0.150108048966101,-0.464735960799566,-6.17303099473796
17.0254777070064,-0.793279328938348,-0.150377011851484,-0.468384787851931,-6.22445165726164
17.0555050045496,-0.801012827995794,-0.150645080136734,-0.472027508629713,-6.27578771124362
17.0855323020928,-0.808734155107005,-0.150912258277748,-0.475664135093268,-6.327039313627
17.115559599636,-0.816443329429711,-0.151178550700881,-0.479294679166759,-6.37820662093216
17.1455868971793,-0.824140370091485,-0.151443961803187,-0.482919152738368,-6.42928978925889
17.1756141947225,-0.831825296189801,-0.151708495952664,-0.486537567660499,-6.48028897428864
17.2056414922657,-0.839498126792069,-0.151972157488494,-0.490149935749987,-6.53120433128662
17.2356687898089,-0.847158880935691,-0.152234950721276,-0.493756268788303,-6.58203601510403
17.2656960873521,-0.854807577628106,-0.152496879933267,-0.497356578521753,-6.63278418018014
17.2957233848954,-0.862444235846834,-0.152757949378611,-0.500950876661678,-6.68344898054443
17.3257506824386,-0.870068874539529,-0.153018163283567,-0.504539174884656,-6.73403056981868
17.3557779799818,-0.877681512624021,-0.153277525846743,-0.508121484832696,-6.78452910121902
17.385805277525,-0.885282168988366,-0.153536041239318,-0.511697818113433,-6.83494472755807
17.4158325750682,-0.89287086249089,-0.153793713605266,-0.515268186300324,-6.88527760124689
17.4458598726115,-0.90044761196024,-0.154050547061577,-0.518832600932834,-6.93552787429706
17.4758871701547,-0.908012436195424,-0.154306545698479,-0.522391073516632,-6.98569569832265
17.5059144676979,-0.915565353965866,-0.15456171357965,-0.525943615523775,-7.03578122454228
17.5359417652411,-0.923106384011447,-0.15481605474244,-0.529490238392895,-7.08578460378101
17.5659690627844,-0.930635545042551,-0.155069573198076,-0.533030953529386,-7.13570598647235
17.5959963603276,-0.938152855740115,-0.155322272931882,-0.536565772305585,-7.18554552266018
17.6260236578708,-0.945658334755674,-0.155574157903477,-0.540094706060952,-7.23530336200069
17.656050955414,-0.953152000711405,-0.155825232046993,-0.543617766102257,-7.28497965376427
17.6860782529572,-0.960633872200177,-0.15607549927127,-0.547134963703748,-7.3345745468374
17.7161055505005,-0.968103967785595,-0.156324963460067,-0.550646310107338,-7.38408818972457
17.7461328480437,-0.975562306002044,-0.156573628472257,-0.554151816522774,-7.43352073055006
17.7761601455869,-0.983008905354741,-0.156821498142028,-0.557651494127812,-7.48287231705988
17.8061874431301,-0.990443784319774,-0.157068576279082,-0.561145354068391,-7.5321430966235
17.8362147406733,-0.997866961344152,-0.157314866668827,-0.564633407458804,-7.58133321623577
17.8662420382166,-1.00527845484585,-0.157560373072571,-0.568115665381864,-7.63044282251864
17.8962693357598,-1.01267828321386,-0.157805099227718,-0.571592138889073,-7.67947206172294
17.926296633303,-1.02006646480822,-0.158049048847948,-0.575062839000793,-7.72842107973024
17.9563239308462,-1.02744301796007,-0.158292225623417,-0.578527776706406,-7.77729002205449
17.9863512283894,-1.03480796097171,-0.158534633220931,-0.581986962964478,-7.82607903384385
18.0163785259327,-1.04216131211664,-0.158776275284141,-0.585440408702925,-7.87478825988238
18.0464058234759,-1.04950308963957,-0.159017155433718,-0.588888124819169,-7.92341784459175
18.0764331210191,-1.05683331175652,-0.159257277267536,-0.592330122180302,-7.97196793203293
18.1064604185623,-1.06415199665483,-0.159496644360854,-0.59576641162324,-8.02043866590792
18.1364877161055,-1.07145916249321,-0.159735260266489,-0.599197003954883,-8.06883018956138
18.1665150136488,-1.07875482740179,-0.159973128514994,-0.602621909952269,-8.11714264598228
18.196542311192,-1.08603900948219,-0.160210252614834,-0.60604114036273,-8.16537617780561
18.2265696087352,-1.0933117268075,-0.160446636052554,-0.609454705904041,-8.2135309273139
18.2565969062784,-1.10057299742238,-0.160682282292954,-0.612862617264576,-8.26160703643897
18.2866242038217,-1.10782283934311,-0.160917194779255,-0.616264885103457,-8.30960464676343
18.3166515013649,-1.11506127055758,-0.161151376933271,-0.619661520050703,-8.35752389952235
18.3466787989081,-1.12228830902539,-0.16138483215557,-0.623052532707374,-8.40536493560476
18.3767060964513,-1.12950397267787,-0.161617563825642,-0.626437933645725,-8.45312789555527
18.4067333939945,-1.13670827941812,-0.161849575302061,-0.629817733409348,-8.50081291957566
18.4367606915378,-1.14390124712106,-0.162080869922647,-0.633191942513315,-8.54842014752634
18.466787989081,-1.15108289363349,-0.162311451004627,-0.636560571444321,-8.59594971892791
18.4968152866242,-1.15825323677412,-0.162541321844789,-0.639923630660829,-8.64340177296274
18.5268425841674,-1.16541229433359,-0.162770485719647,-0.643281130593207,-8.69077644847637
18.5568698817106,-1.17256008407457,-0.162998945885587,-0.646633081643873,-8.7380738839791
18.5868971792539,-1.17969662373176,-0.163226705579032,-0.649979494187426,-8.78529421764743
18.6169244767971,-1.18682193101193,-0.163453768016585,-0.653320378570789,-8.83243758732553
18.6469517743403,-1.19393602359402,-0.163680136395187,-0.656655745113345,-8.87950413052673
18.6769790718835,-1.20103891912911,-0.163905813892263,-0.659985604107069,-8.92649398443491
18.7070063694268,-1.2081306352405,-0.164130803665874,-0.663309965816663,-8.97340728590603
18.73703366697,-1.21521118952378,-0.164355108854862,-0.666628840479693,-9.02024417146945
18.7670609645132,-1.22228059954683,-0.164578732578997,-0.669942238306716,-9.06700477732947
18.7970882620564,-1.22933888284986,-0.16480167793912,-0.67325016948141,-9.1136892393666
18.8271155595996,-1.23638605694551,-0.16502394801729,-0.676552644160711,-9.16029769313906
18.8571428571429,-1.24342213931882,-0.165245545876922,-0.679849672474935,-9.20683027388413
18.8871701546861,-1.25044714742734,-0.16546647456293,-0.683141264527908,-9.2532871165195
18.9171974522293,-1.25746109870112,-0.165686737101864,-0.686427430397092,-9.29966835564468
18.9472247497725,-1.2644640105428,-0.165906336502053,-0.689708180133713,-9.34597412554233
18.9772520473157,-1.27145590032761,-0.166125275753739,-0.692983523762884,-9.39220456017958
19.007279344859,-1.27843678540343,-0.166343557829209,-0.696253471283729,-9.4383597932094
19.0373066424022,-1.28540668309086,-0.166561185682937,-0.699518032669504,-9.48443995797191
19.0673339399454,-1.29236561068322,-0.166778162251713,-0.702777217867724,-9.5304451874957
19.0973612374886,-1.2993135854466,-0.166994490454774,-0.706031036800277,-9.5763756144991
19.1273885350318,-1.30625062461995,-0.167210173193938,-0.709279499363552,-9.62223137139154
19.1574158325751,-1.31317674541506,-0.167425213353732,-0.712522615428548,-9.66801259027476
19.1874431301183,-1.32009196501663,-0.16763961380152,-0.715760394841003,-9.71371940294413
19.2174704276615,-1.32699630058232,-0.167853377387634,-0.718992847421503,-9.75935194088992
19.2474977252047,-1.33388976924279,-0.168066506945495,-0.722219982965602,-9.80491033529854
19.277525022748,-1.34077238810174,-0.168279005291742,-0.725441811243935,-9.85039471705377
19.3075523202912,-1.34764417423592,-0.168490875226355,-0.728658342002338,-9.89580521673803
19.3375796178344,-1.35450514469524,-0.168702119532777,-0.731869584961953,-9.94114196463361
19.3676069153776,-1.36135531650276,-0.168912740978039,-0.735075549819349,-9.98640509072386
19.3976342129208,-1.36819470665474,-0.169122742312876,-0.738276246246628,-10.0315947246944
19.4276615104641,-1.3750233321207,-0.169332126271851,-0.74147168389154,-10.0767109959344
19.4576888080073,-1.38184120984344,-0.169540895573472,-0.744661872377591,-10.1217540335377
19.4877161055505,-1.38864835673911,-0.169749052920309,-0.747846821304153,-10.1667239663039
19.5177434030937,-1.39544478969722,-0.169956600999113,-0.751026540246572,-10.2116209227398
19.5477707006369,-1.4022305255807,-0.170163542480927,-0.754201038756278,-10.2564450310604
19.5777979981802,-1.40900558122594,-0.170369880021208,-0.757370326360889,-10.30119641919
19.6078252957234,-1.41576997344284,-0.170575616259932,-0.760534412564317,-10.3458752147634
19.6378525932666,-1.42252371901483,-0.170780753821712,-0.763693306846877,-10.3904815451271
19.6678798908098,-1.42926683469893,-0.170985295315909,-0.766847018665388,-10.4350155373406
19.697907188353,-1.43599933722578,-0.171189243336742,-0.769995557453278,-10.4794773181771
19.7279344858963,-1.4427212432997,-0.171392600463397,-0.773138932620688,-10.5238670141249
19.7579617834395,-1.44943256959871,-0.171595369260137,-0.776277153554571,-10.5681847513885
19.7879890809827,-1.45613333277457,-0.171797552276408,-0.779410229618797,-10.6124306558897
19.8180163785259,-1.46282354945285,-0.171999152046949,-0.782538170154253,-10.6566048532687
19.8480436760692,-1.46950323623294,-0.172200171091893,-0.785660984478942,-10.700707468885
19.8780709736124,-1.47617240968811,-0.172400611916878,-0.78877868188808,-10.7447386278188
19.9080982711556,-1.48283108636555,-0.172600477013146,-0.791891271654202,-10.7886984548718
19.9381255686988,-1.4894792827864,-0.17279976885765,-0.79499876302725,-10.8325870745685
19.968152866242,-1.49611701544578,-0.172998489913153,-0.798101165234679,-10.8764046111571
19.9981801637853,-1.50274430081288,-0.173196642628332,-0.801198487481547,-10.9201511886104
20.0282074613285,-1.50936115533094,-0.173394229437877,-0.804290738950613,-10.9638269306274
20.0582347588717,-1.51596759541734,-0.173591252762591,-0.807377928802433,-11.0074319606336
20.0882620564149,-1.52256363746361,-0.173787715009491,-0.810460066175455,-11.0509664017827
20.1182893539581,-1.52914929783549,-0.173983618571902,-0.813537160186107,-11.0944303769571
20.1483166515014,-1.53572459287295,-0.174178965829558,-0.816609219928897,-11.1378240087693
20.1783439490446,-1.54228953889025,-0.174373759148696,-0.819676254476503,-11.1811474195628
20.2083712465878,-1.54884415217596,-0.174568000882153,-0.82273827287986,-11.2244007314128
20.238398544131,-1.55538844899303,-0.174761693369459,-0.82579528416826,-11.2675840661277
20.2684258416743,-1.56192244557881,-0.174954838936932,-0.828847297349434,-11.3106975452497
20.2984531392175,-1.56844615814509,-0.175147439897773,-0.831894321409644,-11.3537412900561
20.3284804367607,-1.57495960287814,-0.175339498552154,-0.834936365313776,-11.3967154215599
20.3585077343039,-1.58146279593875,-0.175531017187313,-0.837973438005424,-11.439620060511
20.3885350318471,-1.5879557534623,-0.175721998077644,-0.841005548406979,-11.4824553273974
20.4185623293904,-1.59443849155874,-0.175912443484788,-0.844032705419717,-11.5252213424455
20.4485896269336,-1.60091102631269,-0.176102355657718,-0.847054917923885,-11.5679182256216
20.4786169244768,-1.60737337378343,-0.176291736832834,-0.850072194778786,-11.6105460966329
20.50864422202,-1.613825550005,-0.176480589234045,-0.853084544822867,-11.653105074928
20.5386715195632,-1.62026757098616,-0.17666891507286,-0.8560919768738,-11.6955952796981
20.5686988171065,-1.62669945271051,-0.176856716548473,-0.859094499728571,-11.7380168298778
20.5987261146497,-1.63312121113647,-0.177043995847846,-0.862092122163559,-11.7803698441463
20.6287534121929,-1.63953286219736,-0.177230755145798,-0.865084852934622,-11.8226544409281
20.6587807097361,-1.6459344218014,-0.177416996605089,-0.868072700777177,-11.8648707383937
20.6888080072793,-1.65232590583179,-0.1776027223765,-0.871055674406286,-11.907018854461
20.7188353048226,-1.65870733014673,-0.177787934598918,-0.874033782516731,-11.9490989067958
20.7488626023658,-1.66507871057946,-0.177972635399418,-0.877007033783103,-11.9911110128128
20.778889899909,-1.67144006293828,-0.178156826893344,-0.879975436859873,-12.0330552896766
20.8089171974522,-1.67779140300663,-0.178340511184392,-0.88293900038148,-12.0749318543023
20.8389444949954,-1.68413274654311,-0.178523690364686,-0.885897732962405,-12.1167408233569
20.8689717925387,-1.69046410928151,-0.17870636651486,-0.888851643197252,-12.1584823132595
20.8989990900819,-1.69678550693085,-0.178888541704137,-0.891800739660823,-12.2001564401826
20.9290263876251,-1.70309695517543,-0.179070217990405,-0.894745030908198,-12.2417633200529
20.9590536851683,-1.70939846967486,-0.179251397420299,-0.897684525474816,-12.283303068552
20.9890809827116,-1.71569006606412,-0.179432082029272,-0.900619231876541,-12.3247758011174
21.0191082802548,-1.72197175995357,-0.179612273841676,-0.903549158609751,-12.3661816329434
21.049135577798,-1.728243566929,-0.179791974870833,-0.9064743141514,-12.4075206789817
21.0791628753412,-1.73450550255166,-0.179971187119116,-0.909394706959105,-12.4487930539423
21.1091901728844,-1.74075758235833,-0.180149912578017,-0.912310345471212,-12.4899988722945
21.1392174704277,-1.74699982186131,-0.180328153228226,-0.915221238106875,-12.5311382482676
21.1692447679709,-1.7532322365485,-0.180505911039701,-0.918127393266127,-12.5722112958517
21.1992720655141,-1.75945484188344,-0.180683187971742,-0.921028819329953,-12.6132181287984
21.2292993630573,-1.76566765330529,-0.180859985973062,-0.923925524660364,-12.654158860622
21.2593266606005,-1.77187068622894,-0.181036306981859,-0.92681751760047,-12.6950336045998
21.2893539581438,-1.77806395604502,-0.181212152925888,-0.929704806474548,-12.7358424737732
21.319381255687,-1.78424747811993,-0.181387525722527,-0.932587399588115,-12.7765855809486
21.3494085532302,-1.79042126779586,-0.181562427278852,-0.935465305227999,-12.8172630386977
21.3794358507734,-1.79658534039089,-0.181736859491705,-0.938338531662409,-12.8578749593589
21.4094631483167,-1.80273971119898,-0.181910824247759,-0.941207087141006,-12.8984214550375
21.4394904458599,-1.80888439549,-0.182084323423588,-0.944070979894969,-12.938902637607
21.4695177434031,-1.81501940850981,-0.182257358885739,-0.946930218137066,-12.9793186187093
21.4995450409463,-1.82114476548025,-0.182429932490789,-0.949784810061723,-13.0196695097561
21.5295723384895,-1.82726048159924,-0.182602046085422,-0.952634763845092,-13.0599554219291
21.5595996360328,-1.83336657204073,-0.182773701506489,-0.955480087645117,-13.1001764661811
21.589626933576,-1.83946305195483,-0.182944900581072,-0.9583207896016,-13.1403327532367
21.6196542311192,-1.84554993646778,-0.183115645126554,-0.961156877836272,-13.1804243935927
21.6496815286624,-1.85162724068203,-0.18328593695068,-0.963988360452856,-13.2204514975194
21.6797088262056,-1.85769497967623,-0.18345577785162,-0.966815245537134,-13.2604141750609
21.7097361237489,-1.86375316850534,-0.183625169618036,-0.96963754115701,-13.3003125360361
21.7397634212921,-1.86980182220058,-0.183794114029141,-0.97245525536258,-13.3401466900393
21.7697907188353,-1.87584095576956,-0.183962612854762,-0.975268396186191,-13.3799167464409
21.7998180163785,-1.88187058419622,-0.184130667855405,-0.97807697164251,-13.419622814388
21.8298453139217,-1.88789072244095,-0.184298280782312,-0.980880989728583,-13.4592650028057
21.859872611465,-1.89390138544058,-0.184465453377523,-0.983680458423902,-13.4988434203969
21.8898999090082,-1.89990258810844,-0.18463218737394,-0.986475385690469,-13.5383581756438
21.9199272065514,-1.90589434533437,-0.184798484495381,-0.989265779472855,-13.5778093768082
21.9499545040946,-1.9118766719848,-0.184964346456643,-0.992051647698261,-13.6171971319323
21.9799818016379,-1.91784958290273,-0.185129774963563,-0.994832998276588,-13.6565215488394
22.0100090991811,-1.92381309290783,-0.185294771713069,-0.997609839100489,-13.6957827351345
22.0400363967243,-1.92976721679642,-0.185459338393247,-1.00038217804544,-13.7349807982053
22.0700636942675,-1.93571196934155,-0.185623476683392,-1.00315002296978,-13.7741158452223
22.1000909918107,-1.941647365293,-0.185787188254068,-1.0059133817148,-13.8131879831401
22.130118289354,-1.94757341937736,-0.185950474767165,-1.00867226210479,-13.8521973186976
22.1601455868972,-1.95349014629801,-0.186113337875954,-1.01142667194708,-13.8911439584192
22.1901728844404,-1.95939756073522,-0.186275779225142,-1.01417661903215,-13.9300280086147
22.2202001819836,-1.96529567734613,-0.18643780045093,-1.01692211113362,-13.9688495753808
22.2502274795268,-1.97118451076482,-0.186599403181066,-1.01966315600837,-14.0076087646011
22.2802547770701,-1.97706407560234,-0.1867605890349,-1.02239976139655,-14.0463056819471
22.3102820746133,-1.98293438644674,-0.186921359623438,-1.02513193502168,-14.0849404328788
22.3403093721565,-1.9887954578631,-0.187081716549396,-1.02785968459068,-14.1235131226453
22.3703366696997,-1.9946473043936,-0.187241661407252,-1.03058301779393,-14.1620238562856
22.4003639672429,-2.00048994055751,-0.187401195783302,-1.03330194230534,-14.2004727386289
22.4303912647862,-2.00632338085125,-0.187560321255708,-1.03601646578239,-14.2388598742955
22.4604185623294,-2.01214763974844,-0.187719039394555,-1.03872659586621,-14.2771853676975
22.4904458598726,-2.0179627316999,-0.187877351761896,-1.04143234018159,-14.3154493230392
22.5204731574158,-2.02376867113371,-0.188035259911812,-1.04413370633709,-14.353651844318
22.5505004549591,-2.02956547245525,-0.188192765390455,-1.04683070192507,-14.3917930353246
22.5805277525023,-2.03535315004723,-0.188349869736101,-1.04952333452173,-14.4298729996441
22.6105550500455,-2.0411317182697,-0.188506574479204,-1.05221161168719,-14.4678918406563
22.6405823475887,-2.04690119146013,-0.188662881142438,-1.05489554096554,-14.5058496615366
22.6706096451319,-2.05266158393341,-0.188818791240755,-1.05757512988488,-14.5437465652563
22.7006369426752,-2.05841290998192,-0.188974306281427,-1.06025038595736,-14.5815826545832
22.7306642402184,-2.06415518387552,-0.189129427764096,-1.0629213166793,-14.6193580320827
22.7606915377616,-2.06988841986163,-0.189284157180827,-1.06558792953115,-14.6570728001176
22.7907188353048,-2.07561263216523,-0.18943849601615,-1.06825023197763,-14.6947270608496
22.820746132848,-2.08132783498891,-0.189592445747109,-1.07090823146772,-14.7323209162392
22.8507734303913,-2.08703404251294,-0.189746007843312,-1.07356193543473,-14.7698544680465
22.8808007279345,-2.09273126889522,-0.189899183766973,-1.07621135129637,-14.8073278178319
22.9108280254777,-2.0984195282714,-0.190051974972963,-1.07885648645478,-14.8447410669567
22.9408553230209,-2.10409883475488,-0.190204382908853,-1.08149734829658,-14.8820943165833
22.9708826205642,-2.10976920243683,-0.190356409014962,-1.08413394419295,-14.9193876676764
23.0009099181074,-2.11543064538626,-0.190508054724399,-1.08676628149964,-14.956621221003
23.0309372156506,-2.12108317765003,-0.190659321463112,-1.08939436755706,-14.9937950771334
23.0609645131938,-2.12672681325288,-0.19081021064993,-1.09201820969027,-15.0309093364415
23.090991810737,-2.13236156619749,-0.190960723696609,-1.09463781520912,-15.0679640991055
23.1210191082803,-2.1379874504645,-0.191110862007874,-1.09725319140822,-15.1049594651083
23.1510464058235,-2.14360448001253,-0.191260626981465,-1.09986434556701,-15.1418955342383
23.1810737033667,-2.14921266877826,-0.191410020008179,-1.10247128494985,-15.1787724060899
23.2111010009099,-2.1548120306764,-0.191559042471913,-1.10507401680599,-15.2155901800639
23.2411282984531,-2.16040257959979,-0.191707695749708,-1.1076725483697,-15.2523489553681
23.2711555959964,-2.16598432941939,-0.19185598121179,-1.11026688686027,-15.289048831018
23.3011828935396,-2.17155729398431,-0.192003900221613,-1.11285703948207,-15.3256899058373
23.3312101910828,-2.17712148712189,-0.192151454135898,-1.11544301342459,-15.3622722784583
23.361237488626,-2.18267692263771,-0.192298644304681,-1.1180248158625,-15.3987960473225
23.3912647861692,-2.18822361431559,-0.192445472071348,-1.12060245395569,-15.4352613106813
23.4212920837125,-2.19376157591769,-0.192591938772677,-1.12317593484931,-15.4716681665963
23.4513193812557,-2.19929082118448,-0.19273804573888,-1.12574526567384,-15.50801671294
23.4813466787989,-2.20481136383481,-0.192883794293644,-1.12831045354511,-15.5443070473964
23.5113739763421,-2.21032321756597,-0.193029185754169,-1.13087150556436,-15.5805392674612
23.5414012738853,-2.21582639605365,-0.193174221431208,-1.13342842881827,-15.6167134704425
23.5714285714286,-2.22132091295203,-0.193318902629108,-1.13598123037904,-15.6528297534617
23.6014558689718,-2.2268067818938,-0.193463230645847,-1.13852991730439,-15.6888882134533
23.631483166515,-2.2322840164902,-0.193607206773072,-1.14107449663763,-15.724888947166
23.6615104640582,-2.23775263033103,-0.193750832296144,-1.14361497540772,-15.7608320511629
23.6915377616015,-2.24321263698472,-0.193894108494166,-1.14615136062928,-15.7967176218223
23.7215650591447,-2.24866404999834,-0.194037036640031,-1.14868365930266,-15.8325457553378
23.7515923566879,-2.25410688289763,-0.194179618000453,-1.15121187841397,-15.8683165477193
23.7816196542311,-2.25954114918703,-0.194321853836007,-1.15373602493512,-15.9040300947929
23.8116469517743,-2.26496686234976,-0.194463745401165,-1.15625610582389,-15.9396864922022
23.8416742493176,-2.27038403584779,-0.194605293944334,-1.15877212802395,-15.9752858354079
23.8717015468608,-2.27579268312192,-0.194746500707894,-1.1612840984649,-16.0108282196891
23.901728844404,-2.28119281759177,-0.194887366928231,-1.16379202406233,-16.0463137401432
23.9317561419472,-2.28658445265586,-0.195027893835774,-1.16629591171784,-16.0817424916869
23.9617834394904,-2.29196760169162,-0.195168082655033,-1.16879576831912,-16.1171145690562
23.9918107370337,-2.29734227805541,-0.195307934604633,-1.17129160073995,-16.1524300668071
24.0218380345769,-2.30270849508259,-0.195447450897347,-1.17378341584026,-16.1876890793164
24.0518653321201,-2.30806626608752,-0.195586632740138,-1.17627122046618,-16.2228917007816
24.0818926296633,-2.3134156043636,-0.195725481334184,-1.17875502145008,-16.2580380252218
24.1119199272066,-2.31875652318331,-0.195863997874922,-1.18123482561059,-16.2931281464779
24.1419472247498,-2.32408903579825,-0.196002183552076,-1.18371063975266,-16.3281621582136
24.171974522293,-2.32941315543914,-0.196140039549694,-1.1861824706676,-16.363140153915
24.2020018198362,-2.3347288953159,-0.19627756704618,-1.18865032513312,-16.3980622268919
24.2320291173794,-2.34003626861765,-0.196414767214329,-1.19111420991337,-16.432928470278
24.2620564149227,-2.34533528851274,-0.196551641221362,-1.19357413175895,-16.4677389770312
24.2920837124659,-2.35062596814882,-0.196688190228953,-1.19603009740703,-16.502493839934
24.3221110100091,-2.35590832065282,-0.19682441539327,-1.19848211358129,-16.5371931515945
24.3521383075523,-2.36118235913102,-0.196960317864999,-1.20093018699203,-16.5718370044462
24.3821656050955,-2.36644809666907,-0.197095898789386,-1.20337432433618,-16.606425490749
24.4121929026388,-2.37170554633204,-0.19723115930626,-1.20581453229737,-16.6409587025893
24.442220200182,-2.37695472116441,-0.197366100550072,-1.2082508175459,-16.6754367318806
24.4722474977252,-2.38219563419014,-0.19750072364992,-1.21068318673887,-16.709859670364
24.5022747952684,-2.3874282984127,-0.197635029729589,-1.21311164652014,-16.7442276096085
24.5323020928116,-2.39265272681508,-0.197769019907573,-1.21553620352042,-16.7785406410116
24.5623293903549,-2.39786893235984,-0.197902695297114,-1.21795686435728,-16.8127988557996
24.5923566878981,-2.40307692798915,-0.198036057006227,-1.2203736356352,-16.8470023450282
24.6223839854413,-2.4082767266248,-0.198169106137734,-1.22278652394561,-16.8811511995829
24.6524112829845,-2.41346834116823,-0.198301843789293,-1.22519553586692,-16.9152455101793
24.6824385805278,-2.41865178450059,-0.19843427105343,-1.22760067796456,-16.9492853673638
24.712465878071,-2.42382706948275,-0.198566389017566,-1.23000195679102,-16.9832708615137
24.7424931756142,-2.42899420895535,-0.198698198764049,-1.23239937888587,-17.017202082838
24.7725204731574,-2.43415321573881,-0.198829701370181,-1.23479295077584,-17.0510791213777
24.8025477707006,-2.43930410263335,-0.198960897908253,-1.23718267897481,-17.0849020670059
24.8325750682439,-2.44444688241909,-0.199091789445567,-1.23956856998387,-17.1186710094288
24.8626023657871,-2.449581567856,-0.19922237704447,-1.24195063029135,-17.1523860381857
24.8926296633303,-2.45470817168398,-0.19935266176238,-1.24432886637286,-17.1860472426497
24.9226569608735,-2.45982670662287,-0.199482644651816,-1.24670328469132,-17.2196547120279
24.9526842584167,-2.46493718537249,-0.199612326760427,-1.249073891697,-17.253208535362
24.98271155596,-2.47003962061269,-0.199741709131018,-1.25144069382756,-17.2867088015284
25.0127388535032,-2.47513402500334,-0.199870792801579,-1.25380369750809,-17.3201555992392
25.0427661510464,-2.48022041118439,-0.199999578805312,-1.25616290915111,-17.3535490170421
25.0727934485896,-2.48529879177591,-0.200128068170662,-1.25851833515666,-17.3868891433209
25.1028207461328,-2.49036917937809,-0.20025626192134,-1.26086998191229,-17.4201760662962
25.1328480436761,-2.4954315865713,-0.200384161076351,-1.26321785579311,-17.4534098740255
25.1628753412193,-2.5004860259161,-0.200511766650023,-1.26556196316184,-17.4865906544038
25.1929026387625,-2.50553250995328,-0.200639079652033,-1.26790231036882,-17.5197184951637
25.2229299363057,-2.5105710512039,-0.200766101087433,-1.27023890375205,-17.5527934838764
25.252957233849,-2.51560166216931,-0.200892831956677,-1.27257174963725,-17.5858157079515
25.2829845313922,-2.52062435533118,-0.201019273255647,-1.27490085433785,-17.6187852546376
25.3130118289354,-2.52563914315154,-0.201145425975679,-1.27722622415507,-17.6517022110229
25.3430391264786,-2.53064603807281,-0.201271291103588,-1.2795478653779,-17.6845666640354
25.3730664240218,-2.53564505251781,-0.201396869621698,-1.28186578428319,-17.7173787004432
25.4030937215651,-2.54063619888982,-0.201522162507862,-1.28417998713565,-17.7501384068553
25.4331210191083,-2.54561948957259,-0.201647170735488,-1.2864904801879,-17.7828458697216
25.4631483166515,-2.5505949369304,-0.20177189527357,-1.28879726968048,-17.8155011753332
25.4931756141947,-2.55556255330803,-0.201896337086707,-1.29110036184189,-17.8481044098234
25.5232029117379,-2.56052235103088,-0.202020497135129,-1.29339976288866,-17.8806556591675
25.5532302092812,-2.56547434240491,-0.202144376374724,-1.29569547902532,-17.9131550091833
25.5832575068244,-2.57041853971673,-0.20226797575706,-1.29798751644449,-17.9456025455317
25.6132848043676,-2.57535495523361,-0.202391296229411,-1.30027588132688,-17.9779983537171
25.6433121019108,-2.58028360120351,-0.202514338734781,-1.30256057984132,-18.0103425190873
25.6733393994541,-2.5852044898551,-0.202637104211928,-1.3048416181448,-18.0426351268344
25.7033666969973,-2.59011763339784,-0.202759593595385,-1.30711900238252,-18.0748762619951
25.7333939945405,-2.59502304402193,-0.202881807815489,-1.3093927386879,-18.1070660094509
25.7634212920837,-2.59992073389841,-0.203003747798402,-1.31166283318261,-18.1392044539285
25.7934485896269,-2.60481071517915,-0.203125414466131,-1.31392929197661,-18.1712916800002
25.8234758871702,-2.60969299999691,-0.203246808736559,-1.31619212116817,-18.2033277720845
25.8535031847134,-2.61456760046534,-0.203367931523459,-1.31845132684394,-18.235312814446
25.8835304822566,-2.61943452867903,-0.203488783736526,-1.32070691507892,-18.2672468911963
25.9135577797998,-2.62429379671352,-0.20360936628139,-1.32295889193654,-18.299130086294
25.943585077343,-2.62914541662538,-0.203729680059649,-1.32520726346867,-18.3309624835452
25.9736123748863,-2.63398940045216,-0.203849725968884,-1.32745203571565,-18.3627441666038
26.0036396724295,-2.63882576021249,-0.203969504902682,-1.32969321470632,-18.3944752189719
26.0336669699727,-2.64365450790608,-0.204089017750664,-1.33193080645808,-18.4261557240004
26.0636942675159,-2.64847565551375,-0.204208265398498,-1.33416481697685,-18.4577857648888
26.0937215650591,-2.65328921499746,-0.20432724872793,-1.3363952522572,-18.4893654246862
26.1237488626024,-2.65809519830035,-0.204445968616799,-1.33862211828228,-18.520894786291
26.1537761601456,-2.66289361734676,-0.204564425939062,-1.34084542102391,-18.5523739324521
26.1838034576888,-2.66768448404226,-0.204682621564813,-1.34306516644261,-18.5838029457683
26.213830755232,-2.67246781027369,-0.204800556360309,-1.34528136048758,-18.6151819086893
26.2438580527752,-2.67724360790916,-0.204918231187984,-1.3474940090968,-18.646510903516
26.2738853503185,-2.68201188879812,-0.205035646906477,-1.34970311819699,-18.6777900124006
26.3039126478617,-2.68677266477137,-0.205152804370649,-1.35190869370371,-18.7090193173471
26.3339399454049,-2.69152594764107,-0.205269704431603,-1.3541107415213,-18.7401989002115
26.3639672429481,-2.69627174920081,-0.20538634793671,-1.35630926754301,-18.7713288427025
26.3939945404914,-2.70101008122561,-0.205502735729622,-1.35850427765095,-18.8024092263815
26.4240218380346,-2.70574095547196,-0.205618868650297,-1.36069577771615,-18.833440132663
26.4540491355778,-2.71046438367784,-0.20573474753502,-1.36288377359859,-18.8644216428152
26.484076433121,-2.71518037756275,-0.205850373216419,-1.36506827114724,-18.8953538379599
26.5141037306642,-2.71988894882776,-0.205965746523489,-1.36724927620003,-18.9262367990733
26.5441310282075,-2.72459010915552,-0.206080868281608,-1.36942679458397,-18.9570706069861
26.5741583257507,-2.72928387021028,-0.206195739312562,-1.37160083211509,-18.9878553423836
26.6041856232939,-2.73397024363794,-0.206310360434558,-1.37377139459853,-19.0185910858068
26.6342129208371,-2.73864924106607,-0.206424732462249,-1.37593848782854,-19.0492779176517
26.6642402183803,-2.74332087410395,-0.20653885620675,-1.3781021175885,-19.0799159181705
26.6942675159236,-2.74798515434256,-0.206652732475658,-1.38026228965098,-19.1105051674716
26.7242948134668,-2.75264209335467,-0.206766362073073,-1.38241900977773,-19.1410457455199
26.75432211101,-2.7572917026948,-0.206879745799612,-1.38457228371972,-19.171537732137
26.7843494085532,-2.76193399389932,-0.206992884452434,-1.3867221172172,-19.201981207002
26.8143767060964,-2.76656897848641,-0.207105778825255,-1.38886851599967,-19.2323762496513
26.8444040036397,-2.77119666795615,-0.207218429708366,-1.39101148578595,-19.2627229394791
26.8744313011829,-2.77581707379051,-0.207330837888654,-1.3931510322842,-19.2930213557381
26.9044585987261,-2.78043020745336,-0.207443004149618,-1.39528716119191,-19.3232715775392
26.9344858962693,-2.78503608039058,-0.207554929271389,-1.39741987819598,-19.3534736838522
26.9645131938126,-2.78963470402998,-0.207666614030748,-1.39954918897273,-19.3836277535061
26.9945404913558,-2.79422608978143,-0.20777805920114,-1.40167509918791,-19.4137338651894
27.024567788899,-2.79881024903682,-0.2078892655527,-1.40379761449671,-19.4437920974502
27.0545950864422,-2.8033871931701,-0.208000233852261,-1.40591674054386,-19.473802528697
27.0846223839854,-2.80795693353734,-0.20811096486338,-1.40803248296356,-19.5037652371984
27.1146496815287,-2.81251948147672,-0.208221459346351,-1.4101448473796,-19.533680301084
27.1446769790719,-2.81707484830858,-0.208331718058222,-1.4122538394053,-19.5635477983443
27.1747042766151,-2.82162304533546,-0.208441741752815,-1.41435946464361,-19.5933678068313
27.2047315741583,-2.82616408384207,-0.208551531180743,-1.41646172868706,-19.6231404042585
27.2347588717015,-2.8306979750954,-0.208661087089423,-1.41856063711787,-19.6528656682016
27.2647861692448,-2.83522473034468,-0.208770410223099,-1.4206561955079,-19.6825436760984
27.294813466788,-2.83974436082144,-0.208879501322853,-1.42274840941874,-19.7121745052494
27.3248407643312,-2.84425687773955,-0.208988361126626,-1.42483728440167,-19.7417582328181
27.3548680618744,-2.84876229229522,-0.209096990369234,-1.42692282599773,-19.7712949358312
27.3848953594177,-2.85326061566701,-0.209205389782381,-1.42900503973774,-19.8007846911788
27.4149226569609,-2.85775185901594,-0.209313560094681,-1.43108393114233,-19.8302275756149
27.4449499545041,-2.86223603348541,-0.209421502031669,-1.43315950572191,-19.8596236657578
27.4749772520473,-2.86671315020131,-0.209529216315821,-1.43523176897679,-19.88897303809
27.5050045495905,-2.87118322027203,-0.20963670366657,-1.43730072639712,-19.9182757689588
27.5350318471338,-2.87564625478844,-0.209743964800317,-1.43936638346295,-19.9475319345768
27.565059144677,-2.88010226482398,-0.209851000430454,-1.44142874564427,-19.9767416110215
27.5950864422202,-2.88455126143466,-0.209957811267376,-1.443487818401,-20.0059048742365
27.6251137397634,-2.88899325565908,-0.210064398018497,-1.44554360718303,-20.035021800031
27.6551410373066,-2.89342825851847,-0.210170761388264,-1.44759611743026,-20.0640924640807
27.6851683348499,-2.89785628101672,-0.210276902078177,-1.44964535457259,-20.0931169419275
27.7151956323931,-2.90227733414037,-0.2103828207868,-1.45169132402998,-20.1220953089805
27.7452229299363,-2.90669142885872,-0.21048851820978,-1.45373403121243,-20.1510276405157
27.7752502274795,-2.91109857612376,-0.210593995039858,-1.45577348152008,-20.1799140116765
27.8052775250227,-2.91549878687027,-0.210699251966888,-1.45780968034313,-20.2087544974741
27.835304822566,-2.9198920720158,-0.210804289677851,-1.45984263306195,-20.2375491727876
27.8653321201092,-2.92427844246073,-0.210909108856867,-1.46187234504706,-20.2662981123645
27.8953594176524,-2.92865790908827,-0.211013710185216,-1.46389882165917,-20.2950013908209
27.9253867151956,-2.93303048276452,-0.211118094341345,-1.4659220682492,-20.3236590826414
27.9554140127389,-2.93739617433847,-0.211222262000891,-1.4679420901583,-20.3522712621802
27.9854413102821,-2.94175499464202,-0.211326213836687,-1.46995889271786,-20.3808380036607
28.0154686078253,-2.94610695449005,-0.211429950518784,-1.47197248124959,-20.4093593811759
28.0454959053685,-2.95045206468038,-0.21153347271446,-1.47398286106544,-20.4378354686892
28.0755232029117,-2.95479033599387,-0.211636781088239,-1.47599003746774,-20.4662663400338
28.105550500455,-2.9591217791944,-0.211739876301901,-1.47799401574914,-20.4946520689137
28.1355777979982,-2.96344640502889,-0.211842759014498,-1.47999480119266,-20.5229927289039
28.1656050955414,-2.96776422422738,-0.211945429882368,-1.48199239907172,-20.5512883934501
28.1956323930846,-2.972075247503,-0.212047889559149,-1.48398681465014,-20.5795391358697
28.2256596906278,-2.97637948555202,-0.212150138695793,-1.4859780531822,-20.6077450293517
28.2556869881711,-2.98067694905387,-0.212252177940579,-1.48796611991262,-20.6359061469572
28.2857142857143,-2.98496764867118,-0.212354007939127,-1.48995102007662,-20.6640225616191
28.3157415832575,-2.98925159504981,-0.212455629334413,-1.4919327588999,-20.6920943461434
28.3457688808007,-2.99352879881883,-0.21255704276678,-1.49391134159872,-20.7201215732083
28.375796178344,-2.99779927059062,-0.212658248873954,-1.49588677337985,-20.7481043153654
28.4058234758872,-3.00206302096082,-0.212759248291056,-1.49785905944066,-20.7760426450395
28.4358507734304,-3.00632006050842,-0.212860041650614,-1.49982820496911,-20.8039366345291
28.4658780709736,-3.01057039979574,-0.21296062958258,-1.50179421514375,-20.8317863560065
28.4959053685168,-3.01481404936851,-0.213061012714339,-1.5037570951338,-20.8595918815179
28.5259326660601,-3.01905101975581,-0.213161191670724,-1.50571685009912,-20.8873532829842
28.5559599636033,-3.0232813214702,-0.21326116707403,-1.50767348519024,-20.915070632201
28.5859872611465,-3.02750496500765,-0.213360939544024,-1.50962700554841,-20.9427440008386
28.6160145586897,-3.03172196084765,-0.213460509697962,-1.5115774163056,-20.9703734604425
28.6460418562329,-3.03593231945315,-0.213559878150596,-1.5135247225845,-20.997959082434
28.6760691537762,-3.04013605127068,-0.213659045514193,-1.5154689294986,-21.0255009381097
28.7060964513194,-3.0443331667303,-0.213758012398542,-1.51741004215215,-21.0529990986424
28.7361237488626,-3.04852367624566,-0.213856779410971,-1.51934806564023,-21.0804536350813
28.7661510464058,-3.05270759021402,-0.213955347156355,-1.52128300504872,-21.1078646183517
28.796178343949,-3.05688491901627,-0.214053716237133,-1.52321486545437,-21.1352321192561
28.8262056414923,-3.06105567301698,-0.214151887253317,-1.5251436519248,-21.1625562084739
28.8562329390355,-3.06521986256437,-0.214249860802504,-1.52706936951851,-21.1898369565616
28.8862602365787,-3.06937749799042,-0.214347637479893,-1.52899202328493,-21.2170744339534
28.9162875341219,-3.07352858961081,-0.21444521787829,-1.53091161826439,-21.2442687109615
28.9463148316651,-3.07767314772501,-0.214542602588123,-1.53282815948822,-21.2714198577758
28.9763421292084,-3.08181118261625,-0.214639792197457,-1.53474165197868,-21.2985279444648
29.0063694267516,-3.08594270455161,-0.214736787292002,-1.53665210074905,-21.3255930409753
29.0363967242948,-3.09006772378199,-0.214833588455125,-1.53855951080361,-21.3526152171334
29.066424021838,-3.09418625054215,-0.214930196267862,-1.54046388713769,-21.3795945426437
29.0964513193813,-3.09829829505075,-0.215026611308934,-1.54236523473767,-21.4065310870906
29.1264786169245,-3.10240386751038,-0.21512283415475,-1.54426355858099,-21.4334249199378
29.1565059144677,-3.10650297810755,-0.215218865379426,-1.54615886363621,-21.4602761105291
29.1865332120109,-3.11059563701274,-0.215314705554792,-1.54805115486298,-21.487084728088
29.2165605095541,-3.11468185438044,-0.215410355250408,-1.54994043721212,-21.5138508417188
29.2465878070974,-3.11876164034914,-0.215505815033569,-1.55182671562556,-21.540574520406
29.2766151046406,-3.12283500504138,-0.215601085469321,-1.55370999503645,-21.5672558330151
29.3066424021838,-3.12690195856376,-0.21569616712047,-1.5555902803691,-21.5938948482928
29.336669699727,-3.13096251100699,-0.215791060547595,-1.55746757653905,-21.6204916348669
29.3666969972702,-3.13501667244588,-0.215885766309056,-1.55934188845309,-21.6470462612468
29.3967242948135,-3.13906445293939,-0.215980284961008,-1.56121322100922,-21.6735587958239
29.4267515923567,-3.14310586253065,-0.216074617057411,-1.56308157909677,-21.7000293068714
29.4567788898999,-3.14714091124699,-0.216168763150038,-1.56494696759631,-21.7264578625451
29.4868061874431,-3.15116960909994,-0.216262723788491,-1.56680939137976,-21.7528445308831
29.5168334849863,-3.15519196608528,-0.216356499520207,-1.56866885531034,-21.7791893798064
29.5468607825296,-3.15920799218307,-0.216450090890471,-1.57052536424265,-21.805492477119
29.5768880800728,-3.16321769735763,-0.216543498442427,-1.57237892302265,-21.8317538905082
29.606915377616,-3.16722109155764,-0.216636722717086,-1.57422953648767,-21.8579736875448
29.6369426751592,-3.17121818471609,-0.21672976425334,-1.57607720946647,-21.8841519356832
29.6669699727025,-3.17520898675035,-0.216822623587968,-1.57792194677924,-21.9102887022619
29.6969972702457,-3.17919350756217,-0.216915301255649,-1.57976375323759,-21.9363840545038
29.7270245677889,-3.18317175703773,-0.217007797788975,-1.58160263364461,-21.962438059516
29.7570518653321,-3.18714374504763,-0.217100113718455,-1.58343859279489,-21.9884507842903
29.7870791628753,-3.19110948144695,-0.217192249572529,-1.58527163547449,-22.0144222957037
29.8171064604186,-3.19506897607527,-0.217284205877579,-1.58710176646101,-22.040352660518
29.8471337579618,-3.19902223875665,-0.217375983157935,-1.58892899052358,-22.0662419453805
29.877161055505,-3.20296927929972,-0.217467581935889,-1.5907533124229,-22.0920902168245
29.9071883530482,-3.20691010749765,-0.217559002731704,-1.59257473691123,-22.1178975412685
29.9372156505914,-3.2108447331282,-0.217650246063621,-1.59439326873244,-22.1436639850177
29.9672429481347,-3.21477316595375,-0.217741312447872,-1.59620891262201,-22.1693896142633
29.9972702456779,-3.21869541572131,-0.217832202398689,-1.59802167330703,-22.1950744950832
30.0272975432211,-3.22261149216255,-0.217922916428313,-1.59983155550627,-22.2207186934418
30.0573248407643,-3.22652140499383,-0.218013455047004,-1.60163856393014,-22.2463222751909
30.0873521383076,-3.23042516391619,-0.218103818763052,-1.60344270328077,-22.2718853060694
30.1173794358508,-3.23432277861543,-0.218194008082782,-1.60524397825195,-22.2974078517035
30.147406733394,-3.23821425876209,-0.218284023510569,-1.60704239352922,-22.3228899776073
30.1774340309372,-3.2420996140115,-0.218373865548845,-1.60883795378987,-22.3483317491827
30.2074613284804,-3.24597885400379,-0.218463534698106,-1.61063066370291,-22.3737332317199
30.2374886260237,-3.24985198836391,-0.218553031456925,-1.61242052792915,-22.3990944903973
30.2675159235669,-3.25371902670167,-0.218642356321961,-1.61420755112119,-22.4244155902819
30.2975432211101,-3.25757997861175,-0.218731509787966,-1.61599173792345,-22.4496965963297
30.3275705186533,-3.26143485367373,-0.218820492347794,-1.61777309297215,-22.4749375733855
30.3575978161965,-3.26528366145211,-0.218909304492412,-1.61955162089537,-22.5001385861836
30.3876251137398,-3.26912641149634,-0.218997946710909,-1.62132732631308,-22.5252996993476
30.417652411283,-3.27296311334083,-0.219086419490504,-1.62310021383708,-22.550420977391
30.4476797088262,-3.27679377650501,-0.219174723316555,-1.62487028807111,-22.5755024847169
30.4777070063694,-3.28061841049329,-0.219262858672566,-1.62663755361081,-22.600544285619
30.5077343039126,-3.28443702479515,-0.219350826040202,-1.62840201504374,-22.6255464442809
30.5377616014559,-3.28824962888512,-0.21943862589929,-1.63016367694943,-22.6505090247771
30.5677888989991,-3.29205623222283,-0.219526258727833,-1.63192254389936,-22.6754320910727
30.5978161965423,-3.295856844253,-0.219613725002016,-1.63367862045702,-22.7003157070241
30.6278434940855,-3.29965147440551,-0.219701025196218,-1.63543191117788,-22.7251599363787
30.6578707916288,-3.30344013209538,-0.219788159783015,-1.63718242060942,-22.7499648427753
30.687898089172,-3.30722282672281,-0.219875129233193,-1.63893015329117,-22.7747304897446
30.7179253867152,-3.31099956767323,-0.219961934015757,-1.64067511375472,-22.799456940709
30.7479526842584,-3.31477036431726,-0.220048574597936,-1.64241730652372,-22.824144258983
30.7779799818016,-3.31853522601081,-0.220135051445192,-1.64415673611389,-22.8487925077736
30.8080072793449,-3.32229416209503,-0.220221365021232,-1.64589340703307,-22.87340175018
30.8380345768881,-3.32604718189639,-0.220307515788012,-1.64762732378123,-22.8979720491945
30.8680618744313,-3.32979429472668,-0.220393504205746,-1.64935849085044,-22.922503467702
30.8980891719745,-3.33353550988302,-0.220479330732918,-1.65108691272496,-22.9469960684808
30.9281164695177,-3.33727083664791,-0.220564995826284,-1.6528125938812,-22.9714499142024
30.958143767061,-3.34100028428924,-0.220650499940886,-1.65453553878775,-22.9958650674321
30.9881710646042,-3.3447238620603,-0.220735843530056,-1.65625575190542,-23.0202415906287
31.0181983621474,-3.34844157919983,-0.220821027045425,-1.65797323768722,-23.0445795461453
31.0482256596906,-3.35215344493202,-0.220906050936933,-1.6596880005784,-23.0688789962288
31.0782529572339,-3.35585946846654,-0.220990915652835,-1.66140004501647,-23.093140003021
31.1082802547771,-3.35955965899858,-0.221075621639708,-1.66310937543119,-23.1173626285579
31.1383075523203,-3.36325402570885,-0.22116016934246,-1.66481599624463,-23.1415469347705
31.1683348498635,-3.3669425777636,-0.221244559204339,-1.66651991187113,-23.165692983485
31.1983621474067,-3.37062532431466,-0.221328791666939,-1.66822112671736,-23.1898008364224
31.22838944495,-3.37430227449946,-0.221412867170209,-1.66991964518232,-23.2138705551996
31.2584167424932,-3.37797343744105,-0.221496786152458,-1.67161547165735,-23.2379022013288
31.2884440400364,-3.3816388222481,-0.221580549050366,-1.67330861052617,-23.2618958362182
31.3184713375796,-3.38529843801498,-0.221664156298991,-1.67499906616486,-23.2858515211721
31.3484986351228,-3.38895229382171,-0.221747608331773,-1.67668684294191,-23.309769317391
31.3785259326661,-3.39260039873404,-0.221830905580547,-1.67837194521821,-23.3336492859718
31.4085532302093,-3.39624276180344,-0.221914048475545,-1.68005437734708,-23.357491487908
31.4385805277525,-3.39987939206715,-0.221997037445409,-1.68173414367429,-23.3812959840902
31.4686078252957,-3.40351029854816,-0.222079872917191,-1.68341124853805,-23.4050628353059
31.4986351228389,-3.40713549025529,-0.222162555316369,-1.68508569626907,-23.4287921022398
31.5286624203822,-3.41075497618316,-0.222245085066848,-1.68675749119052,-23.4524838454741
31.5586897179254,-3.41436876531223,-0.22232746259097,-1.68842663761809,-23.4761381254887
31.5887170154686,-3.41797686660884,-0.222409688309518,-1.69009313985999,-23.4997550026614
31.6187443130118,-3.42157928902521,-0.222491762641729,-1.69175700221696,-23.5233345372679
31.648771610555,-3.42517604149947,-0.222573686005296,-1.6934182289823,-23.5468767894822
31.6787989080983,-3.42876713295568,-0.222655458816376,-1.69507682444187,-23.5703818193768
31.7088262056415,-3.43235257230386,-0.2227370814896,-1.6967327928741,-23.5938496869229
31.7388535031847,-3.43593236844001,-0.222818554438076,-1.69838613855003,-23.6172804519902
31.7688808007279,-3.4395065302461,-0.222899878073398,-1.70003686573333,-23.6406741743479
31.7989080982712,-3.44307506659017,-0.222981052805654,-1.70168497868025,-23.6640309136642
31.8289353958144,-3.44663798632625,-0.22306207904343,-1.70333048163971,-23.6873507295065
31.8589626933576,-3.45019529829448,-0.22314295719382,-1.7049733788533,-23.7106336813422
31.8889899909008,-3.45374701132104,-0.22322368766243,-1.70661367455526,-23.7338798285383
31.919017288444,-3.45729313421827,-0.223304270853387,-1.70825137297253,-23.7570892303617
31.9490445859873,-3.4608336757846,-0.223384707169345,-1.70988647832473,-23.7802619459798
31.9790718835305,-3.46436864480462,-0.223464997011491,-1.71151899482422,-23.80339803446
32.0090991810737,-3.46789805004911,-0.223545140779552,-1.71314892667609,-23.8264975547706
32.0391264786169,-3.47142190027503,-0.223625138871801,-1.71477627807816,-23.8495605657805
32.0691537761601,-3.47494020422556,-0.223704991685068,-1.71640105322103,-23.8725871262595
32.0991810737034,-3.47845297063012,-0.223784699614739,-1.71802325628806,-23.8955772948787
32.1292083712466,-3.4819602082044,-0.223864263054768,-1.71964289145541,-23.9185311302104
32.1592356687898,-3.48546192565035,-0.223943682397683,-1.72125996289204,-23.9414486907284
32.189262966333,-3.48895813165625,-0.22402295803459,-1.72287447475973,-23.9643300348084
32.2192902638763,-3.49244883489668,-0.224102090355182,-1.72448643121311,-23.9871752207277
32.2493175614195,-3.49593404403259,-0.224181079747744,-1.72609583639962,-24.0099843066659
32.2793448589627,-3.49941376771128,-0.224259926599159,-1.72770269445961,-24.0327573507049
32.3093721565059,-3.50288801456645,-0.224338631294915,-1.72930700952628,-24.0554944108287
32.3393994540491,-3.50635679321821,-0.224417194219112,-1.73090878572572,-24.0781955449245
32.3694267515924,-3.5098201122731,-0.224495615754467,-1.73250802717694,-24.1008608107817
32.3994540491356,-3.51327798032412,-0.224573896282321,-1.73410473799185,-24.1234902660932
32.4294813466788,-3.51673040595073,-0.224652036182645,-1.73569892227532,-24.1460839684549
32.459508644222,-3.5201773977189,-0.224730035834045,-1.73729058412516,-24.168641975366
32.4895359417652,-3.52361896418113,-0.224807895613771,-1.73887972763212,-24.1911643442293
32.5195632393085,-3.52705511387642,-0.224885615897718,-1.74046635687997,-24.2136511323516
32.5495905368517,-3.53048585533036,-0.224963197060439,-1.74205047594544,-24.2361023969431
32.5796178343949,-3.53391119705513,-0.225040639475145,-1.74363208889826,-24.2585181951186
32.6096451319381,-3.53733114754948,-0.225117943513715,-1.74521119980121,-24.2808985838969
32.6396724294813,-3.54074571529882,-0.225195109546697,-1.74678781271008,-24.3032436202013
32.6696997270246,-3.54415490877517,-0.225272137943321,-1.74836193167371,-24.32555336086
32.6997270245678,-3.54755873643724,-0.225349029071499,-1.749933560734,-24.3478278626055
32.729754322111,-3.55095720673041,-0.225425783297832,-1.75150270392594,-24.3700671820759
32.7597816196542,-3.55435032808679,-0.225502400987619,-1.75306936527758,-24.392271375814
32.7898089171975,-3.55773810892519,-0.22557888250486,-1.75463354881011,-24.4144405002683
32.8198362147407,-3.56112055765119,-0.22565522821226,-1.7561952585378,-24.4365746117927
32.8498635122839,-3.56449768265714,-0.22573143847124,-1.75775449846807,-24.4586737666467
32.8798908098271,-3.56786949232216,-0.225807513641938,-1.75931127260147,-24.4807380209959
32.9099181073703,-3.57123599501221,-0.225883454083216,-1.76086558493173,-24.5027674309119
32.9399454049136,-3.57459719908007,-0.225959260152669,-1.76241743944573,-24.5247620523725
32.9699727024568,-3.57795311286537,-0.226034932206623,-1.76396684012354,-24.546721941262
33,-3.58130374469461,-0.226110470600149,-1.76551379093843,-24.5686471533712
